1463527528660828160,MinteractApp,1637785128,"Today Top Flow in S&P 500 #SP500, Buy Flow and Sell Flow $GOOG $EQIX $AMZN $V $MA $AMD $CSX $GOOGL $CVS $NEE $DIS $TSLA $AAPL $MSFT $SBAC $UPS $LYV $TPR $CHTR $AMT #stock #stocks #StockMarket #Investment #investing http://apple.co/2XZuTYw",1,3,1
1463527589251846154,iamjavee,1637785142,Eyeing $AMZN for a bounce play,1,0,3
1463527786690355204,stockmktgenius,1637785190,Number of leading stocks today: 81 $SPY $QQQ $FB $GOOGL $AMZN $AAPL #DailyStkLeaderCount #Bitcoin #BTC,1,0,1
1463528116354179074,obrinvesting,1637785268,The German Union calls for a four-day strike at 7 different Amazon locations. $AMZN,0,0,0
1463528310865108998,StockHollywood,1637785315,$TSLAr/g again$AMZN some life,0,0,1
1463528473939480581,WallStSnacks,1637785353,"Bull ForecastsNovember 24, 2021 07:18:00 PDTticker : log change intraday$PG : -0.23$LYFT : 0.27$TSLA : 3.90$EWZ : 1.11$PINS : 1.65$LUV : 1.29$MSOS : 3.10$IWM : 0.31$AMZN : -0.11$SHOP : 2.11",0,0,2
1463528485234774018,StockHollywood,1637785356,"$AMZN they're buying the dips nowmay take awhile and be sloppybut keep an eye jicthis can get moving, we've seen it b4sleeper",0,0,0
1463529034101391362,OptionsMir,1637785487,$AMZN held yesterday's low so far. Good sign for 36**,1,0,4
1463529123037339659,OptionsParth,1637785508,"$FB solid move over 335, up almost 3. Over 338 can test 340, 342$SHOP needs above 1600$AMZN held 3554",0,0,0
1463529581399396359,Francis29797832,1637785617,"$AMZN ~For a limited time, we are opening our trading chatroom to the public.. Get access to chatrooms, stock alerts,, option alerts, portfolios, and more.,http://discord.gg/Ag5QvVKR3U",0,0,0
1463529603473887239,dogeattache,1637785623,$AMZN Gold rush draws hundreds of dredging rafts to Amazon tributary,0,0,0
1463529720738246657,WallStSnacks,1637785651,"Bull ForecastsNovember 24, 2021 07:23:00 PDTticker : log change intraday$PG : -0.25$LYFT : 0.11$TSLA : 2.59$EWZ : 1.04$LUV : 1.18$PINS : 0.96$IWM : 0.21$SHOP : 1.51$MSOS : 2.80$AMZN : -0.32",0,0,1
1463529811482058758,ApolloxJr248,1637785672,$AMZN we get Z Rippy Rippy? ,0,0,0
1463530427327598608,WhaleStream,1637785819,Check out the Top WhaleFlow from the first hour of trading!Sign up for #WhaleStream & get a FREE WEEK to see all the #WhaleFlow in Real-Time!$TSLA $SPY $MAR $RIOT $IWM $CPE $ZM $AMZN $NRG $GOOGL $FUTU $PTON $LCID $PLAN $ABNB $AMD $RLX $NVDA,0,0,1
1463530479336964106,TrackInvesting,1637785832,$NKE is not just doing it. $FB is doing it. $AMZN is just flat.,0,0,0
1463530593744994308,StockHollywood,1637785859,$SHOP going up!$AMZN working on r/g,1,0,2
1463530971274235905,WallStSnacks,1637785949,"Bull ForecastsNovember 24, 2021 07:28:00 PDTticker : log change intraday$PG : -0.40$LYFT : 0.18$TSLA : 2.76$EWZ : 1.04$LUV : 1.20$SHOP : 1.58$PINS : 1.78$IWM : 0.43$AMZN : -0.29$MSOS : 2.70",0,0,1
1463532107666542593,SFinancerz,1637786220, #LCLP  UPDATES COMING NEXTWEEK... $LCLP @realLifeClips @Belfrics Group announces plans to expand its technology team and open 200 independently owned physical crypto centers in the next 6 months.... https://finance.yahoo.com/news/life-clips-subsidiary-belfrics-group-123000867.html…#Follow @TENAssociates$AMZN $TSLA $WMT,1,2,1
1463532214327529477,WallStSnacks,1637786245,"Bull ForecastsNovember 24, 2021 07:33:00 PDTticker : log change intraday$PG : -0.36$LYFT : 0.54$TSLA : 3.55$EWZ : 1.07$LUV : 1.50$SHOP : 1.81$IWM : 0.70$PINS : 2.32$AMZN : 0.08$MSOS : 2.87",0,2,1
1463532536781443076,3PeaksTrading,1637786322,$AMZN trying to bounce off 8/21 EMA support zone. Tends to pop into Black Friday/Cyber Monday,0,0,6
1463532788599209989,UTradinghunter,1637786382,AMZN CallLotto$AMZN#AMZN,0,0,0
1463532875328880642,TraderAlert2,1637786403,SOUTHERN ITS INTERNATIONAL#OTC  $SITS Signed Agreement to Acquire Interest in Atacama Minerals Inc. for Gold and Precious Metals Exploration Projects.http://bit.ly/3FHjRw9@Keithmc23 @BillyGains01 $BLNK $TDOC $MSTR $NVDA $SPY $QQQ $IWM $AMZN $TSLA $PLTR $MRNA,0,2,0
1463532980530409478,dogeattache,1637786428,"$AMZN German union calls on Amazon workers to go on strike on ""Black Friday""#Black #Friday",0,0,0
1463533072247369737,TraderMarcoCost,1637786450,German union calls for $AMZN strike this Friday,0,0,0
1463533100118556678,davidmoadel,1637786456,Go From Zero to 60 with an Early-Stage Stake in Fisker - article I wrote for @investorplace https://investorplace.com/2021/11/go-from-zero-to-60-with-an-early-stage-stake-in-fsr-stock/… $FSR $RIVN $SPY $QQQ $DIA $DJIA #stockmarket #investing #finance #stocks $AAPL $TSLA $AMZN $INTC $NFLX $AMC $NIO $GME,0,2,2
1463533364267433993,PaulStillman8,1637786519,BEBUZEE! It’s $NFLX & $AMZN in one! Now trading under $ENGA for 40 cents a share.https://bebuzee.com$AMC $GME $AAPL $GOOGL $MSFT  $TSLA $QQQ $SPY $DJIA $SLV #BITCOIN   $AMD $MU $INTC $ZM $ROKU $DIS $MRNA $SNOW $PLTR $AARK $NVDA $REGN $MELI $NVDA $PENN $WYNN $BABA $BIDU,1,0,0
1463533428150882304,PaulStillman8,1637786535,BEBUZEE! It’s $NFLX & $AMZN in one! Now trading under $ENGA for 40 cents share.https://bebuzee.com$AMC $GME $AAPL $GOOGL $MSFT  $TSLA $QQQ $SPY $DJIA $SLV #BITCOIN   $AMD $MU $INTC $ZM $ROKU $DIS $MRNA $SNOW $PLTR $AARK $NVDA $REGN $MELI $NVDA $PENN $WYNN $BABA $BIDU,1,0,0
1463533487823069191,WallStSnacks,1637786549,"Bull ForecastsNovember 24, 2021 07:38:00 PDTticker : log change intraday$LYFT : 0.63$PG : -0.39$TSLA : 3.72$EWZ : 0.80$LUV : 1.35$IWM : 0.69$SHOP : 2.99$MSOS : 3.46$PINS : 2.16$AMZN : 0.15",0,1,1
1463534048253562880,davidmoadel,1637786682,The Number Of Americans Filing For First-Time Jobless Benefits Was The Lowest Since 1969 Last Week https://zerohedge.com/markets/number-americans-filing-first-time-jobless-benefits-was-lowest-1969-last-week… #fed $TLT $SPY $QQQ $DIA $DJIA #stockmarket #investing #finance #stocks $AAPL $TSLA $AMZN $INTC $NFLX $AMC $NIO $GME,0,1,0
1463534139366326277,davidmoadel,1637786704,US Durable Goods Orders Unexpectedly Suffer First Back-To-Back Drop Since April 2020 https://zerohedge.com/economics/us-durables-goods-orders-unexpectedly-suffer-first-back-back-drop-april-2020… $SPY $QQQ $DIA $DJIA #stockmarket #investing #finance #stocks $AAPL $TSLA $AMZN $INTC $NFLX $AMC $NIO $GME,0,1,0
1463534144248504328,jchengery,1637786705,"Via @InsiderIntelligence forecasts, total #holidayretail, #ecommerce sales est = $1.092T in 2021; via @Deloitte, 35% #consumers plan 2 use #creditcards 2 stretch holiday budget/30% #BNPL offerings. #digitalmarketing #mcommerce #retailmarketing #mobile $WMT $TGT $BBY $AMZN $M $KSS",0,0,0
1463534253157883909,BillionairezRow,1637786731,What a morning! Was down $1k off a dumb mistake but climbed my way back to up $100 for the day. THATS WHAT I CALL TRADING! $SPY $AMZN $AAPL $TSLA $QQQ Follow us and join to learn more! ,1,2,3
1463534461837058050,WallstJhonnyDip,1637786781,7 $amzn vans next to me on I4  my god they outside working! bullish,0,0,0
1463534729068744725,RaviRomo,1637786845,Have to add -that the first interest rate HIKE could come as soon as May. Also being priced in$TLT $SPX $AMZN $GOOGL $MSFT $GS $BAC $JPM,1,0,0
1463534786601910274,WallStSnacks,1637786858,"Bull ForecastsNovember 24, 2021 07:43:00 PDTticker : log change intraday$LYFT : 0.41$PG : -0.56$TSLA : 3.37$EWZ : 0.84$IWM : 0.75$LUV : 1.36$SHOP : 4.06$MSOS : 3.29$PINS : 2.26$AMZN : 0.22",0,1,1
1463534845980811267,davidmoadel,1637786873,Desktop Metal Stock Will Benefit from Soaring Sales Despite Wacky Price Action -- article I wrote for @investorplace https://investorplace.com/2021/11/dm-stock-will-benefit-from-soaring-sales-despite-wacky-price-action/… $DM $SPY $QQQ $DIA $DJIA #stockmarket #investing #finance #stocks $AAPL $TSLA $AMZN $INTC $NFLX $AMC $NIO $GME,1,1,0
1463535009017438209,MARKETN81193170,1637786911,"$amzn Best Chatroom"" I've made over $264K By their alert,.,.!              https://discord.io/rt20YftG",0,0,0
1463535202408538126,davidmoadel,1637786958,Capture a Piece of a $60+ Billion Opportunity With UiPath Stock-- article I wrote for @investorplace https://investorplace.com/2021/11/capture-a-piece-of-a-60-billion-opportunity-with-path-stock/… $PATH $SPY $QQQ $DIA $DJIA #stockmarket #investing #finance #stocks $AAPL $TSLA $AMZN $INTC $NFLX $AMC $NIO $GME,0,1,2
1463535387633061893,KeepITWettt,1637787002,Oh boy here we go i thought the new high would come end of day looks like we going up early $lgvn let’s gooooooo! HOLd and slap ASK  $cei $ispc $gtec $lcid $oeg $sndl $tsla $aapl $fb $amzn $ibio $sunw $cciv $ltnc $amc $mpln $vg $lee $reto $ifmk $litm $bfri $bttx $vlon $qlgn $ktta,0,1,2
1463535584824098825,OptionsRebel,1637787049,"         $AMZN Call        Strike: 3,570.00        Exp: 11/26/21        Ask: 27        Bid: 25.75        OpenInterest: 297        Volume: 877 TOS: (.AMZN211126C3570) https://trade.thinkorswim.com/?symbol=.AMZN211126C3570… RHD: https://robinhood.com/stocks/AMZN",1,0,0
1463536387580469248,davidmoadel,1637787240,The Beatdown in PayPal Stock Is an Overreaction -- article I wrote for @tipranks https://tipranks.com/news/article/the-beatdown-in-paypal-stock-is-an-overreaction/… $PYPL $SQ $SPY $QQQ $DIA $DJIA #stockmarket #investing #finance #stocks $AAPL $TSLA $AMZN $INTC $NFLX $AMC $NIO $GME,1,1,2
1463536488952393730,Crypto_Doug,1637787264,$AMZN seems like it’s wants to go green showing some strength here,1,0,5
1463536644175413256,jchengery,1637787301,"Via @PlugIntoPaysafe, 68% global merchants said #holidayshopping = critical 4 their annual revs - vital 4 merchants 2 implement faster checkout solutions - lead 2 higher conversions, higher sales vol. #digitalmarketing #mcommerce #retailmarketing #mobile $WMT $TGT $BBY $AMZN $M",0,0,0
1463536739562274817,davidmoadel,1637787324,Nio’s Sales Will Put Investors in the Driver’s Seat -- article I wrote for @tipranks https://tipranks.com/news/article/nios-sales-will-put-investors-in-drivers-seat/… $SPY $QQQ $DIA $DJIA #stockmarket #investing #finance #stocks $AAPL $TSLA $AMZN $INTC $NFLX $AMC $NIO $GME,0,1,2
1463536821015658497,KentsBrokerage,1637787343,$AMZN 1 and 5 mins 200 ma break here let's see if it holds that trend,1,3,7
1463537580117352449,KeepITWettt,1637787524,We break $53 today!! $lgvn  spam on every ticker and everyone w big following if you’re not in this play u don’t like .  $cei $ispc $gtec $lcid $oeg $sndl $tsla $aapl $fb $amzn $ibio $sunw $cciv $ltnc $amc $mpln $vg $lee $reto $ifmk $litm $bfri $bttx $vlon $qlgn $ktta $jwn $ptp,0,1,0
1463537684782092293,WallStSnacks,1637787549,"Bull ForecastsNovember 24, 2021 07:54:00 PDTticker : log change intraday$LYFT : 0.27$PG : -0.62$TSLA : 4.11$EWZ : 0.96$SHOP : 3.62$IWM : 0.71$LUV : 1.33$MSOS : 3.43$PINS : 1.87$AMZN : 0.45",0,1,1
1463537884271718401,TransitoryCisco,1637787597,BTO 11/26 3700c @ 3.3once $qqq clears 397.20 $amzn will fly - full risk.,0,0,1
1463537918442713090,themo14on,1637787605,"$LGVN $kTTA $ISPC Next is $BGi$BGI Fasten your belts, we'll take off with a Starship missile on top of the Super Heavy missile .$CLOV $LCID $TSLA#ElonMusk$GNW $ZEN $PVG $IYE $ASXC $TBLT $DOMA $DHI $D $ITP $PGR $BOIL $NI $GLDM $BBY $CROX $MPLX $AMZN $MNMD",0,1,1
1463537927577821184,SageCRS,1637787607,$WISH why compare such. “Shitty” stock to $AMZN ,0,0,1
1463538237918511107,TraderAlert2,1637787681,#NewsAlert FOMO CORP. #OTC  $FOMC #FOMO PARTNERS WITH ENERGYCLOUD IN LATIN AMERICA http://bit.ly/3l3sWrk@FOMO_CORP @ipoguy @BillyGains01 $SPY $BABA $DVAX $ACB $OSTK $TRIL $LK $CODX $SAVE $GSX $INO $KSS $PENN $NVAX $NIO $AAL $NKLA $MSFT $AAPL $AMZN $TSLA,0,1,0
1463538340045758473,DW3p4c,1637787706,#Markets Update: 11/24/2021 11AM ESTIndex PerformanceAdvances & Declines DistributionNet Inflow$SPX $DJI $IXIC $SPY $IVV $VOO $ES $VIX $DIA $QQQ $NQ $RUT $IWM $IWD $IWF $AAPL $TSLA $MSFT $AMZN $FB#StockMarket #stocks #investing #trading #NASDAQ #NYSE #options,0,1,1
1463539013583839232,Marlin_Capital,1637787866,New innovations and technologies are not widely accepted all at once. Adoption takes time. Please enjoy these clips of talk show hosts saying they have “no desire” to be a part of the internet in the mid-90’s. $FB $AAPL $AMZN $NFLX $GOOGL $MSFT,2,16,47
1463539186947043341,jchengery,1637787908,"One-click checkout can make checking out faster 4 #consumers, as can #openbanking (where customers r redirected 2 their banking pg at checkout, can authenticate payment, complete transaction). #digitalmarketing #mcommerce #retailmarketing #mobile $WMT $TGT $BBY $AMZN $M $KSS",0,1,1
1463539194043772930,inoritrade,1637787909,$AMZN Waiting for Buy signal on  AMZN  with https://ultraalgo.com/?afmc=RingOfTrades4…,0,0,0
1463539351011442690,newsfilterio,1637787947,Amazon executive overseeing brick-and-mortar store push departs the company $AMZN https://newsfilter.io/articles/amazon-executive-overseeing-brick-and-mortar-store-push-departs-the-company-4b2c71bba4e81b23dc24f02c1049e5e4…,0,0,0
1463539629928243200,KeepITWettt,1637788013,$lgvn haven’t seen anything like this but it’s predictable every drop it comes back and breaks it’s previous high facts  $cei $ispc $gtec $lcid $oeg $sndl $tsla $aapl $fb $amzn $ibio $sunw $cciv $ltnc $amc $mpln $vg $lee $reto $ifmk $litm $bfri $bttx $vlon $qlgn $ktta $jwn $ptpi,0,1,0
1463540206011916299,TechNewsClub,1637788151,Amazon executive overseeing brick-and-mortar store push departs the company $AMZNThe story ,0,0,0
1463540666483494916,StockHollywood,1637788260,$AMZN perk againcan we go r/g ffsLFGooooooo!!,0,0,3
1463540691322212355,SageCRS,1637788266,"$WISH @wishshopping @wishsupport $AMZN @amazonNever forget!!! So, if you invested $500 at the Amazon IPO price, you would have purchased 27 shares. You would now have 324 shares after the stock splits. Those shares ... https://stocktwits.com/SageCreditRepair/message/409799500…",0,0,1
1463541109838258186,newsfilterio,1637788366,Last-Mile Liability and the Reputational Harm Shippers Face $AMZN https://newsfilter.io/articles/last-mile-liability-and-the-reputational-harm-shippers-face-478c39628ebbe6ab934ad8cc40c7efee…,0,0,0
1463541703395221504,jchengery,1637788508,"Via @eMarketer ests, exp 45.1M US #BNPL users in 2021, can extend #consumers' buying power; many issuers offering it, incl Synchrony, US Bank, Afterpay, Klarna. #digitalmarketing #ecommerce #mcommerce #retail #retailmarketing #mobilemarketing $WMT $TGT $BBY $AMZN $COST $M $USB",0,0,0
1463541751684255749,StreetGuruHQ,1637788519,"$AMZN is well positioned into holiday shopping, despite tough comps & return to B&M. It's doubled its fulfillment network over past 2 yrs, & should remain ~40% of US e-comm spend. Pulling forward holiday promos should also de-risk inventory limitations. http://ow.ly/7orA50GVI7n",0,0,3
1463541848832630786,MAK__trading,1637788542,"$AMZN, I'll wait for it to get above 3630 for a trade.",0,0,6
1463542445509992450,Crypto_Doug,1637788684,$AMZN green! Next target 2600,1,0,1
1463542462211932160,Drugdoctor2014,1637788688,$SHWZ $2.06 traded at $1.16 a year ago. Colo Cannabis Co is doing great!>> Posting NET PROFITS>> $DKNG $PTON $WKHS $SPAQ $JCPNQ $BA $BBIG$AMZN $TSLA $WMT $TGT $NVDA $SPY $GLD $EBAY $AAPL $FB $TWTR $GS $S $GOOG $DIS  $IBM $MSFT $GOOGL  $BIDU $VZ $ADBE $AMAT $ADSK $AVGO $BABA,0,0,1
1463542466381066241,PaulStillman8,1637788689,BEBUZEE! It’s $NFLX & $AMZN in one! Now trading under $ENGA for 40 cents share.$AMC $GME $AAPL $GOOGL $MSFT  $TSLA $QQQ $SPY $DJIA $SLV #BITCOIN   $AMD $MU $INTC $ZM $ROKU $DIS $MRNA $SNOW $PLTR $AARK $NVDA $REGN $MELI $NVDA $PENN $WYNN $BABA $BIDU,0,0,0
1463543373076303885,Dougie_dee,1637788906,$amzn clean pop. $3583.71 needs to hold and i’m seeing  3598.10  (anchor vwap.. $3600 is mental resistance,0,1,1
1463543391837319169,SuperStocks11,1637788910,Healthy Extracts Inc.#OTCQB  $HYEX A leading innovator of clinically proven plant-based products for heart and brain healthhttp://healthyextractsinc.com@SteveKann @BillyGains01 $SPY $QQQ $DIA $DJIA #stockmarket #investing #finance #stocks $AAPL $TSLA $AMZN $INTC,0,0,0
1463543532883382277,SelectOptions,1637788944,SWEEP 164 $AMZN 11/26/21 $3625 calls for $18.64 Spot: $3594.02Volume: 922OI: 534IV: 27.83%Premium: $305.7kSector: Consumer Cyclical,0,0,0
1463543537077669897,KeepITWettt,1637788945,They’ll love it more when we break 45 $lgvn wayyy up I’m still blessed  $cei $ispc $gtec $lcid $oeg $sndl $tsla $aapl $fb $amzn $ibio $sunw $cciv $ltnc $amc $mpln $vg $lee $reto $ifmk $litm $bfri $bttx $vlon $qlgn $ktta $jwn $ptpi ,0,0,0
1463543546774962186,BlueCrypto_,1637788947,"$AMZN fib line on 61.8% held up real well, I like this to see more upside, next resistance at 78.6% fib line",0,1,5
1463543565196406787,KyleTheBell,1637788951,$AMZN update. Going to plan so far!,0,0,0
1463543575644307460,tradeinbullish,1637788954,$AMZN watch 3604,0,0,1
1463543576651079688,thatsassytrader,1637788954,And we are green on the day! Thanks to $AMZN & $SHOP. Lol small green but better than that crusty red ,0,0,2
1463543577565401094,or_fade,1637788954,"Paul Hickey, a voice of reason as a guest on CNBC,  reiterating our research as wellTech firms who make money do fine with rising rates It's companies not making money that suffer, not the bestAll the #FAANNG 's & + $MSFT $TSLA $CRM will do great$NVDA $AMZN $AAPL $FB $GOOG",0,0,0
1463543622440087553,kim901025,1637788965,$AMZN still swinging Jan calls,0,0,0
1463543663825502217,davidmoadel,1637788975,GlobalFoundries IPO Lets You Invest in a Chip-Shortage Problem Solver -- article I wrote for @investorplace https://investorplace.com/2021/11/gfs-stock-lets-you-invest-in-a-chip-shortage-problem-solver/… $GFS $AMD $NVDA $MU $SPY $QQQ $DIA $DJIA #stockmarket #investing #finance #stocks $AAPL $TSLA $AMZN $INTC $NFLX $AMC $NIO $GME,0,0,1
1463543684746600453,EClubTrading1,1637788980,$AAPL went green together with $AMZN for cashflow trades. It seems that our seasonality thesis is working well so far. Make sure to book some gains and enjoy a relaxing Thanksgiving Day! We are grateful that you are part of our Eclubtrading family!,0,0,1
1463543692925493248,traderjon01,1637788982,.@KentsBrokerage is the truth!! $AMZN ,3,0,7
1463544652318056454,KyleTheBell,1637789211,"$AMZN may be my favorite set up today and going into next week So many bullish catalysts… Christmas, Cyber Monday, Black Friday. TA also supports a move higher with a breakout then retest… Very bullish!",2,0,4
1463544661373591556,PhoneInvestor,1637789213,$AMZN got $appl green. Waiting on $MSFT,0,1,0
1463544799844306953,Dougie_dee,1637789246,"$amzn first to hit. needs to close above $3600 and i’m seeing $3608.47, $3716.39",0,0,4
1463544800720863232,StockHollywood,1637789246,"$AMZNnice movehitting res 3600 3620 as well, but I'd prefer pullbackpotential relong  on the pullback and then go higher target if we can",1,0,0
1463545042375741451,mrhumet,1637789304,What does it REALLY take to become a successful trader?Full interview w/ @simoney_trades YouTube - https://youtube.com/watch?v=h7OC8crMrwM…Apple (audio) - https://apple.co/3HOU5baSpotify (audio) - https://spoti.fi/3r3QsrR$TSLA $AAPL $AMD $AMZN $NVDA $RBLX $AMC $GME #BTC,1,0,3
1463545147547869196,juskev__,1637789329,aight $amzn get us paid,0,0,0
1463545150450241539,OptionsParth,1637789329,"$AMZN near 3600, lets see if it can hold and start moving. Needs 3620 next",0,0,0
1463545281396490258,Terri1618,1637789361,$AMZN update,2,1,8
1463545402637139968,trade_to_profit,1637789390,$AMZN 3800c lotto 11/26,0,0,0
1463545447134502922,Tiger01255,1637789400,"Our members secured over 991% profit on $AFRM today! Live analysis, alerts, and options flow were, provided to our members throughout this trade.$SPY $NIO $TSLA $DGLY  $CCL $PYPL $ACB $DBVT $AAPL $AMZN $PT $SNAP $TWTR $WKHS $ISIG $ES $AKBA $SUP $EV $QQQ",0,0,0
1463545908256247809,riptradellc,1637789510,$AMZN $AAPL should retest ATH soon.. sometime next week if not before,1,1,3
1463546017459015680,OptionsRebel,1637789536,$AMZN 3570.0 Call - profit update:    Alert price: 27.0    Current price: 34.66    Current profit: 28.4%,1,0,0
1463546141379756037,NomadTrader8,1637789566,In $AMZN rapid … just one contract,0,0,1
1463546300897521665,AjithKu65,1637789604,$V on fire today! $FB $AAPL $AMZN $NFLX $GOOGL $TSLA $LCID $FSR $AMC $GME $BTC $ETH $XRP $MSFT $SNOW $SPY $DIA $NDX $NIO $NKLA $CLOV $SNAP $TWTR $WYNN $XLE $XLF $JPM $GS $C $MS $ARKK,0,0,0
1463546360657899521,TheSetup_GHu,1637789618,A trader opened $AMZN Dec 03 '21 $3700 Call. Total of 2700 contracts at $35.26 per contract. A $9.5M premium.,0,0,1
1463546398050164739,The_RockTrading,1637789627,$AMZN Sick moves over the clouds.,0,1,22
1463546448901926913,AjithKu65,1637789639,Why isn’t anyone talking about $V !!! Most profitable stocks on the market right now. $FB $AAPL $AMZN $NFLX $GOOGL $TSLA $NIO $NKLA $MSFT $SPY $DIA $NDX $GM $F $FSR $MRNA $PFE $TDOC $SNOW $SDC $AMC $GME $JPM $GS $MU $C $MS $T $QCOM $TSM $BABA $BIDU $VIPS,0,0,0
1463546494242344963,AjithKu65,1637789650,"Exclusive lessons, one to one mentoring, live alerts, Analysis, updates, call outs. Join xtraders $SPY $DIA $FB $AAPL $AMZN $NFLX $GOOGL $AMC $GME $BTC $MATIC $DOGE $ETH $SHIB $F $GM $TSLA $NIO $BB $BBBY $MSFT $PDD $BA $AMD $TSM $MU $NVDA $JPM $VOO $MS $GS $CHWY $QQQ $IWM",0,0,0
1463546539050217482,ICoptionstrade,1637789660,$GOOGL and $AMZN push here... bears are in trouble. Both look ready to pop nicely,2,0,10
1463546558897528832,BobsTheTrader,1637789665,"As a tech company, you would be applying $AAPL $AMZN type PE multiples. Gary's use of 50x 2030 EPS seems fair.",0,0,0
1463546580867321857,AjithKu65,1637789670,"Quick $57,000 gain on $V. We’re officially on the way to test the ATHs! $SPY $QQQ $DIA $FB $AAPL $AMZN $NFLX $GOOGL $RIVN $LCID $TSLA $U $NVDA $AMD $BLNK $PAVE $FCX $XLE $JPM $MS $GS $C $BAC $COIN $UPST $DIS $NIO $NKLA $UBER $LYFT $F $GM $TMUS $VZ",1,1,0
1463547031562211339,TopStockAlerts1,1637789778,$AMZN 3 Reasons to Watch Amazon Stock This Holiday Season,0,0,2
1463547090013863941,NomadTrader8,1637789792,Averaged down on $AMZN rapid on that 1/2 way back test 5m2 contracts now,1,0,1
1463547184398413829,StockHollywood,1637789814,$AMZN dip and perk back up3620 is a good targetsome overhead thereit almost didn't want to pullback,0,0,0
1463547425386237961,2kflowchallenge,1637789872,"As I mentioned on Monday, careful as this is a short week with low volume… also, I averaged down on $amzn",0,0,0
1463547615296081920,TopNotch034,1637789917,@tradertvbrendan @tradertvshawn @traderTVLIVE@tradertvneal$PSFE PaySafe$AMZN AWS Quietly Building A Fintech Giant  $AMZN Banned UK Visa$PSFE PaySafe SuperHighway Super AWS Fintech $PSFE = AWS Amazon Money E-Commerce Software $PSFE Own @PagoEfectivoPe LatinAmerica Exposure,0,0,0
1463547733495721991,DugganSense,1637789945,7 of the Best Grocery Stocks to Buy Now | Stock Market News | US News $WMT $AMZN $TGT,0,1,0
1463547839942836226,SnipeTrades,1637789971,Good Morning Sniper Team!Today we wait patiently and continue to SNIPE the right opportunities. We played $AMZN at open and started taking profits.$AMZN  3650C   6.80 - 12.70   87%$SPY $QQQ,1,1,6
1463548023858946052,ValueStockGeek,1637790014,"$AMZN has not traded above 10x sales since the internet bubble. It was 19x in 1/2000.$AMZN went BELOW SALES at the bottoms in '03 and '09.It was 2x sales as recently as 2015.It has grown sales at a 25-30% CAGR for 20 years, which is a big outlier in the history of business.",13,19,177
1463548383889666049,StockMKTNewz,1637790100,Most active stocks NASDAQ listed stocks so far todayDollar Volume: Tesla $TSLA $QQQ Nvidia $NVDA Apple $AAPL $TQQQ $AMD Amazon $AMZN Microsoft $MSFT Facebook $FB Lucid $LCIDVolume: Ford $F Gap $GPS Nordstrom $JWN HP $HPQ $BAC $ITUB $NIO Palantir $PLTR Roblox $RBLX XPeng $XPEV,0,5,17
1463548418899468295,AldrinWong,1637790109,$AMZN $3800 by Thanksgiving?,0,0,0
1463548571773460480,realTKAL,1637790145,$amzn $fb $msft $aapl $ba $gs $tsla $nvda huge sell off coming  market tanking today sub 4650 next careful folks  ®,0,0,0
1463548599107833862,thelowestdangle,1637790152,$AMZN you either sit here around $3600 or explode. Haven't moved the blocks all that much. Let's see it hold,0,0,0
1463548709472542727,BuyandHoldd,1637790178,SEMrush traffic data on Latam e-com players points $MELI as the leader in organic traffic $SE is in last place but growing faster than the others while local players and $AMZN are neural,10,6,103
1463549460068376582,realTKAL,1637790357,Tank time algo detected $spx $spy $amzn $fb $msft $aapl $ba $gs $tsla $nvda huge sell off coming  sub 4650 next careful folks  ®,0,0,0
1463549563625775114,AldrinWong,1637790382,$AMZN holiday shopping!!!,0,0,0
1463549839875129354,davidmoadel,1637790447,Microsoft Stock Is a Powerful Cloud-Market Runner -- article I wrote for @tipranks https://tipranks.com/news/article/microsoft-stock-is-a-powerful-cloud-market-runner/… $MSFT $SPY $QQQ $DIA $DJIA #stockmarket #investing #finance #stocks $AAPL $TSLA $AMZN $INTC $NFLX $AMC $NIO $GME,0,0,1
1463550058473865224,StockHollywood,1637790500,$AMZN3600 crossLFG!!again,0,0,0
1463550145778397185,IAMAI05409747,1637790520,"Right now I like long $F, short $HPQ, long $OPEN, long $AMZN.  Of course, that could all change by the end of the day.",1,0,2
1463550161301516297,HappyCamper140,1637790524,"$AMZN starting wave 5. I bought this morning at 3,566. LETS GO!!!",0,0,0
1463550199528230912,raghavan_prabhu,1637790533,$MELI Bottom of the channel. Good R/R here. $AMZN $SHOP $SE $GLBE#ecommerce,0,0,2
1463550220831268864,WallstJhonnyDip,1637790538,"$amzn 4hr with the bullish retest, imagine amazon not selling on black Friday, one of the most anticipated day",0,0,0
1463550455615787013,OsOptions,1637790594,$AMZN trying 5/10 cross on 4hr,1,0,0
1463550600369434625,NomadTrader8,1637790629,Out $AMZN +11%,1,0,1
1463550601359507466,StockHollywood,1637790629,$AMZNthis run today is why you must learn to trade optionswith 1-2k you can make 5k+ off this type of moveand we knew it was coming,0,0,3
1463550633890492427,UTradinghunter,1637790637,AMZN CallLotto$AMZN#AMZN,0,0,0
1463550863738380295,CblastBT,1637790692,$AMZN Algo Trade from our new Pattern Recognition Software Pattern: Double Bottom Type: Bullish Entry Level: 3621.05 Take Profit Level: 3714.39 Stop Loss: 3518.38 ,1,3,16
1463551269159809024,jerchess,1637790788,$aabb $aapl $aqst $athx $amzn $aemd $bcrx $ctic $nvax $nebo $wmt Talking Stocks today at 3,1,0,1
1463551340752388098,print_trading,1637790805,$AMZN hourly view looks like it has room to upside if we take out resistance,0,0,0
1463551364324159488,Mstonge70,1637790811,You shilling for $AMZN now? #ad #Influencer,0,0,0
1463551368740884489,DMarbz,1637790812,Any update on $AMZN thoughts?,1,0,1
1463551419089305606,OwnTheChaos,1637790824,$AMZN called perfectly this morning on the watchlist. Get it for free: http://ownthechaos.com,0,0,1
1463551486521233416,JordanTrades23,1637790840,"-Will cover more at $12 ($10 per spread profit), should get filled shortly and hold rest for  0 (Max Profits) on Friday.  $AMZN",0,0,0
1463551609368195074,optionsproalert,1637790869,Sold $AMZN 3680C 11/26 @ 9.38 #AMZN#optionsproalert,0,0,3
1463551650740662276,OptionsParth,1637790879,"$AMZN up 12 from 3600, lets see if it can test 3620$ETSY up 5 from 291$NVDA up 2 from 323, needs 328",1,0,1
1463551683682881542,willis_cap,1637790887,Great Bloomberg article today on $AMZN's supply chain efforts this holiday season. Big advantage for them to continue to drive sales while many brick and mortar chains struggle with inventory availability.,9,28,177
1463551790847119372,TheBiggestTrade,1637790913,I went from wanting to make an extra $200 a month to wanting to make $200 a day…. Now I make $5k under 30min. Crazy how life changes. $spy $qqq $tsla $amzn,1,0,1
1463551888046100481,,1637790936,Tech giants #Amazon (NASDAQ: $AMZN) and #Apple (NASDAQ: $AAPL) have been handed sizeable fines; following an investigation into alleged reseller collusion between both companies https://thetechee.com/2021/11/amazon-apple-fined-230m-for-reseller.html… @thetecheeonline,0,0,0
1463552500775022598,NomadTrader8,1637791082,Operation Thanksgiving Dinner:$TSLA Rapid : +24% ($400)Turkey  $AMD scalp : +14% ($780)Stuffing  $TSLA put : +11% ($182)Mashed Taters  $RBLX unusual : +7% ($64)Gravy  $PSTG Tay : +22% ($754)Pumpkin Pie  $AMZN Rapid : +11% ($656)Wine  ,1,1,5
1463553014225305600,GafamBot,1637791204,【GAFAM】 $GOOG 2927.00 (-0.28%) $AMZN 3605.60 (+0.71%) $FB 340.21 (+0.88%) $AAPL 161.39 (-0.01%) $MSFT 336.01 (-0.49%)2021-11-25 02:00,0,0,1
1463553031228821515,FintwitSynapse,1637791208,Top Trending Stocks on #fintwit: 1. $AERC 2. $QQQ 3. $SOPA 4. $GTEC5. $XPEV6. $BFRI7. $TDOC8. $AMD9. $AMZN10. $TSLATelegram for frequent updates: https://bit.ly/3jLkwmO#investing #stocks #wallstreetbets,1,0,0
1463555374905114625,KeepITWettt,1637791767,Gonna turn into 100k day it’ll be my 3rd this year $lgvn let’s go in holding you should be doing the same and loadin $cei $ispc $gtec $lcid $oeg $sndl $tsla $aapl $fb $amzn $ibio $sunw $cciv $ltnc $amc $mpln $vg $lee $reto $ifmk $litm $srtm $auph $grcl $ormp $drma $rxdx $rani,0,0,6
1463555749745881088,pbay08,1637791856,$vix 15min *update* I would say it got stepped on. LOL $aapl $amzn. This was the sign for me on a push after weak open. GL,1,0,1
1463555788434251779,daydreamingmian,1637791866,Amazon executive overseeing brick-and-mortar store push departs the company https://cnb.cx/3FNeGem $AMZN,0,0,0
1463556032945274880,MarketCurrents,1637791924,$RIVN $F $AMZN - Dan Loeb's Third Point is said to make $300M on Rivian IPO,0,0,0
1463556166890496007,MarketNFlash,1637791956,Want To Watch NFL Games? You Might Need An Amazon Prime Account Soon | $AAPL $AMZN $CMCSA $DIS $FOX $GS $VIAC,0,1,1
1463556226885771274,thuhkang,1637791970,$AMZN poss H&S forming,1,2,12
1463556579198865414,risenfit,1637792054,$XPDI A leader in AI DATA centers and bitcoin infrastructure will be called $CORZ . $HUT $BITF $MARA $RIOT $ARBKF  $HIVE $HIVE $SDIG $CAN $BTCM $BTBT $RIOT $GBTC $BITO $ETHE $SPY $TSLA $SHOP $AMZN $ROKU $NFLX $BYND $LCID $PLTR $COIN $HOOD $MARA #AI  #datacenters #cryptocurrency,0,2,2
1463556597960032263,brah_dank,1637792059,"What's easier, watching a show, or exercising? Which has the larger TAM? Which one is cheaper sub? How many people have TV's compared to how many people exercise? You're comparing an exercise video company with $NFLX? $AMZN? $SPOT? Really?",1,1,1
1463556775433670660,DCDOWORK,1637792101,"1 year ago prediction, $TSLA $NIO $AMZN $AAPL $XPEV $LI",3,1,24
1463560129387929613,TalkMarkets,1637792901,"Most Active Equity Options For Midday - Wednesday, Nov. 24 $AMD $BAC $F $NIO $AAPL $AMZN $MSFT $MU $NVDA $TSLA $BABA $FB $AMC $ZM $PLTR $XPEV $WISH $RBLX $SOFI $LCID",0,0,0
1463560547656474628,AjithKu65,1637793000,$245K day on $TTD calls! Plenty of time and plenty of upswing left in this baby!$SPY $DIA $QQQ $FB $AAPL $AMZN $NFLX $GOOGL $TSLA $RIVN $NKLA $NIO $AMD $NVDA $UPST $SNOW $TWLO $COIN $DLTR $U $GM $F $JPM $GS $MS $KO $COST $CRWD,0,0,0
1463560583563952133,NLionC,1637793009,"#TSLA Whenever there is a 'W' pattern, prepare for a bigger launch. Seen this several times. Same thing on $AMZN today. #trading #stockmarket #fintwit",0,0,1
1463560630649200641,WhaleStream,1637793020,Check out the Top WhaleFlow from the first 3 hours of trading!Sign up for #WhaleStream & get a FREE WEEK to see all the #WhaleFlow in Real-Time!$TSLA $AMZN $SPY $STNE $AAPL $AMD $NVDA $RIOT $MAR $IWM $BAC $ZM $XPEV $JD $CPE $ABNB $BEKE $FUTU $LCID,0,1,2
1463560790645030915,davidmoadel,1637793058,Why SmileDirectClub's Spending Should Leave Investors Frowning -- article I wrote for The Motley Fool https://fool.com/investing/2021/11/24/why-smiledirectclubs-spending-should-leave-investo/… $SDC $SPY $QQQ $DIA $DJIA #stockmarket #investing #finance #stocks $AAPL $TSLA $AMZN $INTC $NFLX $AMC $NIO $GME @themotleyfool,0,0,2
1463560919603105805,SumZero,1637793089,It means that Hollywood studios need to learn to change or die because $NFLX $AMZN $DIS and other SVOD/PVOD disruptors that don't take six weeks off between Thanksgiving and January 1st are coming for them...,1,1,2
1463561063450959880,cap_zay,1637793123,The $AMZN moat building continues.,1,0,14
1463561135848927240,NLionC,1637793141,"$AMZN Whenever there is a 'W' pattern, prepare for a bigger launch. Seen this several times. Same thing on $TSLA today. #trading #stockmarket #fintwit",0,0,1
1463563559938502662,BullishRippers,1637793719,"Profit generated per second so far in 2021Apple $AAPL: $3,002Google $GOOGL: $2,239Microsoft $MSFT: $2,153Facebook (Meta) $FB: $1,278Amazon $AMZN: $833",25,133,565
1463564193639112709,OlympianTraders,1637793870,"ACCELERATING #stocks / cw47-2021Superior:  $ATKR, $AMZN, $APPL, $APO, $APOGGrowth:   $RBLX,  $ETSY, $W,  $U#trading , #boerse",0,0,1
1463564353039265792,JohnnyB47537937,1637793908,"Amazon Takes the Lead In Talks for NFL Media Stake: WARNING: you might need a $AMZN prime account to watch football. The tech giant is in talks with the country’s richest sports league about acquiring up to a 49% stake in NFL Network, RedZone and $NFL",0,0,0
1463565003479519239,SumZero,1637794063,"Pretty simple: if you treat movies like a business, do away with pretentious solipsism, and write entertaining movies that customers actually want to pay to see, you can beat Hollywood. $AMZN $NFLX $DIS",0,0,1
1463565255561330694,Pappa_Young,1637794123,"#MFAAANNGT $MSFT $FB $AMZN $APPL $AMD $NVDA $NFLX $GOOGL $TSLA $SPY $QQQ $YM $NQ $ES $VIXAmazon Black Friday's sales, going to be?",0,0,1
1463565470951514119,Guy54964658,1637794174,$SPY $AMZN $AAPLOver 100% short interest on a company trying to prevent heart defects in infants... Everyone should be buying $LGVN#SaveTheBabies #RebukeSatan,0,0,2
1463565622810267655,KeepITWettt,1637794210,$lgvn gets to $37 we will be on our way to NEW HIGHS. it’s holding up BEAUTIFULLY making higher highs apes slap the ask.    $cei $ispc $gtec $lcid $oeg $sndl $tsla $aapl $fb $amzn $ibio $sunw $cciv $ltnc $amc $mpln $vg $lee $reto $ifmk $litm $srtm $auph $grcl $ormp $drma $rxdx,0,0,6
1463566532844212224,KeepITWettt,1637794427,If you bought in at 45 you should be averaging down $lgvn if you weren’t before but that’s common sense Squueeezzzeeeeeeee  $lgvn @wallstreetbets   $cei $ispc $gtec $lcid $oeg $sndl $tsla $aapl $fb $amzn $ibio $sunw $cciv $ltnc $amc $mpln $vg $lee $reto $ifmk $litm $srtm $auph,1,1,1
1463567047087079424,abdullahksa203,1637794550,$ES_F $NQ_F ready to rally it need little push from $MSFT and $AMZN,2,2,16
1463567289966542852,AIBiotechnology,1637794608,"Republicans, Comedians and Texans Just Took Over the Pot Lobbyhttps://bloomberg.com/news/newsletters/2021-11-15/republicans-comedians-and-texans-just-took-over-the-pot-lobby…  $VNQ $ELS $AMT $COLD $KR $CAG $UL $KHC $IIPR $DLR $ACC $CUBE $STOR $STAG $AMZN $O $DLTR $FDX $DG $DLTR $DOC $MGP $IRM $CBRE $FRT $DLR $SPG $AVB $HHC $PLD $EQIX",0,0,1
1463569691666894862,dogeattache,1637795180,$AMZN Amazon-backed EV firm Rivian delays deliveries of R1S SUVs - reports,0,0,0
1463569734956470279,WolfTradingBG1,1637795191,"Slow day, protect your profits and better wait for next week. Market won't disappear.$TSLA $RBLX $SHOP $AMZN $NVDA",0,2,3
1463570224070811649,tradeteets,1637795307,But when?? ; $AMZN,1,0,0
1463570359794425869,BlueCrypto_,1637795340,"$AMZN I know this is expensive, just updating for those who are in it, price must move above blue line to see upside...those want a piece of this for cheap, let's wait for Friday, contracts are much cheaper, if there is an opportunity,  I will let u know",1,2,12
1463570993033719822,pandabearchap,1637795491,"Woman Found Guilty in Tragic Tesla Accident in China, Where 2 People Died & 6 Injured http://disq.us/t/434d34e $tsla $goog $aapl $amzn $nio $lcid $xpev $li $f $gm",0,0,1
1463571146192961549,Bigpapi_louis,1637795527,We like the stock  $BENE $AMC $GME $ZOM $AAL $SPY $TSLA $AMZN $MARA $RIOT,4,4,10
1463571309301014532,Up2Stocks,1637795566,$QUBT Mentioned $AMZN in pr. #quantumverse,0,0,1
1463572094076264452,umarashraf28,1637795753,Week 11/22 - 11/26 Trading Recap Monday =  $43k+ $MUTuesday =  -$8.5k $ZM $AMZN Wednesday =  $3.3k+ $AAPL $AMZN $SPYThursday = Market Closed$38k+ trading profits for the week so far.,1,0,59
1463572141530562565,LeviTrade2,1637795765,$AMZN Waiting for Buy signal on AMZN  with https://ultraalgo.com/?afmc=UltraShorterKing…,0,0,0
1463572163227705349,DYORCryptoBot,1637795770,[SCAN RESULTS - 15m]Exchange: #FTXTop 5 bullish trend (#PERP futures)1: $ATLAS2: $RAMP3: $POLIS4: $BOBA5: $SANDTop 5 bullish trend (#USD stocks)1: $SQ2: $BILI3: $HOOD4: $CRON5: $AMZNNot buy signals. #DYOR,1,0,3
1463572948481191947,Mattia43526674,1637795957,A little bit dirty bat on $AMZN ,0,0,1
1463573055133868032,InvestorIdeas,1637795982,Read this news on Apple News – AI Eye Podcast 630: Stocks discussed: (NasdaqGS: $AMZN) (OTC: $CFRUY) (NasdaqGS: $NICE),0,2,1
1463573131277348864,Pappa_Young,1637796001,#MFAAANNGT $MSFT $FB $AMZN $APPL $AMD $NVDA $NFLX $GOOGL $TSLA $SPY $QQQ $YM $NQ $ES $VIXToday's huge recover so far.Did you jump into a huge luxury exotic resort pool or did you jump into an alligators swamp? .. lol,0,1,1
1463573419379724291,shanthirex,1637796069,$AMZN threatening $WMT's retail leadership..,1,7,7
1463573737928855555,Finance_d0ct0r,1637796145,"$NAUT Nautilus biotech, I understand growth & biotech is out of favor right now but this looks like a v.good oppurtunity. $AMZN as an investor & $347M in ”cash”. Only $566M market cap right now so biz is valued at $220M?? Insane if correct!",1,0,2
1463573818543423493,Ba4Saso,1637796164,$AMZN Waiting for Buy signal on AMZN with http://ultraalgo.com/?afmc=TradeMaster992…,0,0,0
1463574104259375109,RoguePatriot5,1637796233,"Even apartments have insurance on personal property. Impossible for a retail business to open without insurance. Especially, after being hit already. Smells like the ""business"" IS GETTING ROBBED and launching Go Fund Me campaigns. Then selling the ""robbed"" merc on $AMZN",1,0,1
1463574380663881729,WallStSnacks,1637796298,"Bull ForecastsNovember 24, 2021 10:20:00 PDTticker : log change intraday$MRK : -0.32$LMT : -0.09$SHOP : 5.58$ROKU : 2.48$SCHW : 0.65$SPY : 0.62$FDX : 0.26$AMZN : 0.93$GLD : 0.16$SPOT : 2.44",0,0,0
1463574702148841472,fitghi15,1637796375,When do $AMZN split its Shares 1/10,1,0,2
1463575442720378880,naashonomics,1637796552,#india version of $AMZN #go,0,0,0
1463575678146785288,FintwitSynapse,1637796608,Top Trending Stocks on #fintwit: 1. $MAR 2. $NVDA 3. $AMZN 4. $SPX5. $TSLA6. $ROKU7. $BURL8. $ADEX9. $PSTG10. $PTONTelegram for frequent updates: https://bit.ly/3jLkwmO#investing #stocks #wallstreetbets,0,3,3
1463576506869899281,BulldudeC,1637796805,(Mid-Day) Top & Flop: 40 Stocks To Watch | November 24https://bulldude.com/summary/mid-day-top-flop-40-stocks-to-watch-november-24/…$AAPL $MSFT $GOOGL $AMZN $TSLA $FB $NVDA $RXRX $GLBE $PSTG $TIL $FORG $JWN $GPS $PLAN $NUVB $ADSK $RBLX $RIVN,0,0,1
1463576651388829703,vanhiha,1637796840,Massive shout-out to folks over at the discord server for helping me set-up these $SPY calls! Time for a quick vacation!$AMZN $AAPL $AMD $FB $BOXL $BA $PFE $MCD $UPS $MMM $SINT $SOLO $MO $NAK $PG $ABBV $GOOG $NAKD $RPM $GILD $PHUN $KHC $NOVN $ABCB $BUD $MRNA $CLF $WAFU $INOL,0,0,0
1463576903063900161,vanhiha,1637796900,Get ahead of the trend here at Xtraders. $AMZN $AAPL $BA $BABA $FB $TSLA $MSFT $ROKU $AMC $SPX $SPY $TDOC $GME $ZM $NVDA $BYND $SNAP $TGT $PYPL $V,0,0,1
1463576903227518985,AjithKu65,1637796900,Growth Needs To Be Adjusted Higher!$AAPL $AMZN $ABBV $BRK $BA $BHC $CRM $CMG $HLF $IEP $MSFT $MS $GS $JPM $BAC $C $CS $F $GOOGL $JNJ $NFLX $KO $IBM $PEP $MCD $SHAK $BTC $RYAAY $TST $LYFT $DAL $FB $DAL $UAL $LUV $AAL $TSLA $V,0,0,1
1463577778834456576,risenfit,1637797109,$XPDI #AI #infrastructure in the field of surveillance cameras for faster response times. $AMZN $ADEX $BSGA $HUT $BITF $MARA $RIOT $HIVE $APPL $ORCL $DGR,0,0,0
1463577833507151880,mutualinvestiq,1637797122,Investors watch retail stocks as U.S. holiday shopping beckons https://reuters.com/business/retail-consumer/investors-watch-retail-stocks-us-holiday-shopping-beckons-2021-11-24/… $XRT $CROX $WSM $LOW $HD $LULU $TGT $BBWI $ETSY $GPS $WMT $AMZN $COST#Stocks #StockMarket #StockPicks #Investment #Investing #InvestingNews,0,0,0
1463578098843078660,mmsomji,1637797185,Added $AMZN 3590 puts. At $24,0,1,0
1463580021151391745,xavierdvega,1637797643,$AmC is goin to run GREEEN  Wants to rally 40 baby $AFRM $PLTR $NVDA $AMD $ROKU $SNAP $CRM $FB $AAPL $UPST $MRNA $QS $U $TSLA $DATS $ES $TWTR $DKNG $ZM $APPS $BB $CEI $FFTY $SQ $WISH $DLO $SPX $AMZN $TTD $PTON $NFLX $AMC $OSTK $ATER $SIVB $SOFI $BFRI $BeNE,0,0,1
1463580309044170755,WallStSnacks,1637797712,"Bull ForecastsNovember 24, 2021 10:44:00 PDTticker : log change intraday$LMT : -0.08$JNJ : 0.26$IWM : 0.86$AMZN : 0.83$CAT : 1.88$ROKU : 3.14$UPS : -0.70$GOOGL : 0.14$SHOP : 5.73$SPCE : 2.68",0,0,2
1463580638645297158,askwarrenbuffet,1637797790,$HX to announce new joint venture with $AMZN as soon as Tuesdayhttps://askwarrenhq.blogspot.com/p/breaking-news.html…$MCGI $AZFL $TGGI $MNGG,0,0,0
1463580656731099138,StockMKTNewz,1637797795,Here's how the largest stocks performed so far todayApple $AAPL -0.2%Microsoft $MSFT -0.4%Google $GOOGL +0.1%Amazon $AMZN +0.1%Tesla $TSLA +1.8%Facebook $FB +1%Nvidia $NVDA +2.3%Berkshire $BRK.B -0.5%Taiwan Semi $TSM -1.1%JPMorgan $JPM -0.7%Visa $V +2.3%$HD +0.4%,1,4,19
1463580759604740103,grouse42,1637797819,"$AMZN~For a limited time, we are opening our trading chatroom to the public.. Get access to chatrooms, stock alerts,, option alerts, portfolios, and more.  https://discord.gg/A9SgrhvRqW",0,0,0
1463580910427820036,TechNewsClub,1637797855,"Amazon seeks to pause antitrust review of 2019 deal with India's Future, documents show $AMZNRead it here ",0,0,0
1463581535383130117,Jason,1637798004,"Truth is, @Amazon has done more for workers in the last 2 years than @BernieSanders asked for!In fact, $amzn has given workers MORE than Bernie has been able to in a lifetime as a politician!Let that sink inVibrant private market > government gridlock for solving problems",73,207,0
1463581601317724171,RoaringEquities,1637798020,$ALDS APPlife Digital Solutions Inc (OTC: ALDS): Growth Written All Over The Company https://momentumobserver.com/applife-digital-solutions-inc-otc-alds-growth-written-all-over-the-company/… $AAPL $MU $FB $AMZN $SHOP $MELI $EBAY,0,0,0
1463581783224565762,WallStSnacks,1637798063,"Bull ForecastsNovember 24, 2021 10:50:00 PDTticker : log change intraday$LMT : 0.00$JNJ : 0.22$AMZN : 0.70$UPS : -0.63$CAT : 1.77$ROKU : 2.97$TGT : 0.13$TWTR : 2.02$GOOG : 0.46$SHOP : 5.60",0,0,0
1463582099458375689,mikeelliott,1637798139,"CEORoadshow Virtual Roadshow Replay: A2Z Smart Technologies Corp. (OTCQB: $AAZZF $AZ) Nov. 23rd, 2021 https://youtube.com/watch?v=aJVMcVLA3nY…#SmartCart #SmartShoppingCart $AMZN $GOOG $AAPL $MSFT $FB $NFLX @Stockguru8 @CorpA2z",0,1,1
1463582107775606787,ChartingCycles,1637798141,"$IONQ is the only company that can currently miniaturize quantum computers (think about how this impacted the traditional computing industry).$IONQ is the only company with quantum systems available through $AMZN Braket, $MSFT Azure, $GOOGL Cloud, and direct API.Long $IONQ.",2,2,11
1463582685998174208,dddthreepo,1637798279,I shorted $AMZN in 2007; lesson learned. But Google has a lot more to lose than $FB (Oculus is a really awesome product; 15 people have bought them after trying mine); no one can beat Apple's vertical integration. But Google....sells our data by and large. Could be a problem.,1,0,2
1463582787978481665,risenfit,1637798303,$XPDI #METAVERSE INFRASTRUCTURE #Blockchain + #AI = $XPDI $AMZN $SHOP $ADEX $FB $CSCW $BHAT $META $SAND $MATIC $ANY $HUT $BITF $CIFR $HIVE $BTC $MARA $RIOT $ARBK $AAPL $CRM $ORCL $SWCH $BENE $SNII $IONQ $BTC @Core_Scientific,1,0,1
1463584639814184962,or_fade,1637798744,"I'm a fan of Bernie,but he's all talk on this issueSure Amazon needs to pay more in taxes,and allow unions where employees want them,but  $AMZN pays well ( better than Bernie pays staffers & house keepers ) & provides great benefits including education & tuition assistance",1,0,8
1463585171538591745,Tickeron,1637798871,"$AMZN's price moved above its 50-day Moving Average on November 3, 2021. View odds for this and other indicators: https://srnk.us/go/3184796 #stockmarket #stock",0,0,0
1463585409863143431,StockHollywood,1637798928,fomc slap us$AMZN cracked on that $SPY yank,0,0,3
1463585723878101000,jchengery,1637799003,"#Target will make #ThanksgivingDay closures permanent; #Walmart, #BestBuy, #TheHomeDepot, others will close this holiday, uncertain abt future. #digitalmarketing #ecommerce #mcommerce #retail #retailmarketing #mobile $WMT $TGT $BBY $COST $M $KSS $AMZN $HD $JCP",0,1,0
1463585808422735884,Pappa_Young,1637799023,#MFAAANNGT $MSFT $FB $AMZN $APPL $AMD $NVDA $NFLX $GOOGL $TSLA $SPY $QQQ $YM $NQ $ES $VIXAfter Fed Mins#DowJones #SPX #NASDAQ All REDToday's buying herd jumped into alligators swamp? ... Try not catch any falling knives before thanks giving? ..,0,0,0
1463585980108132355,AlphaseeT,1637799064,Name something that looks like circumcised D?$AMZN,0,1,0
1463585986047365121,mmsomji,1637799065,$AMZN puts $43,0,0,0
1463586433059463168,IrnestKaplan,1637799172,$MELI has underperformed $AMZN And way below $SESuch a pity because they doing such great things on the ground,1,0,6
1463586452684615682,Guy54964658,1637799177,$SPY $AMZN $AAPL $GMEOver 100% short interest on a company trying to prevent heart defects in infants... Everyone should be buying $LGVN#SaveTheBabies #RebukeSatan,0,1,2
1463586465913266177,CycleWave2,1637799180,Best Quantum Computing Stocks to Buy in 2021: https://elliottwave-forecast.com/stock-market/quantum-computing-stocks/… #elliottwave #trading #stocks $MSFT $NVDA $AMZN $IBM $GOOG $HON,0,0,0
1463586637989007364,jeoptions,1637799221,Social media should be closed on holidaysget off the phone and experience real lifeThe meta-verse is a simple pathway for the government to have control over the children#es_f #nq_f  #stocks $ftse $rut  $dax $spx $ndx $tsla $aapl $pltr $cgc $usci $jo $amzn $fcx $urnm $bac,0,0,2
1463587317176619012,NomadTrader8,1637799383,Took 1 x 12/3 $AMZN 3600 call here … swinging like Silver Bells$AMZN wicked the bullish reversal zone on this plunge after FOMC,0,0,3
1463587515953303554,ProfectuSystems,1637799430,Neural Network Forex trading model: https://profectussystems.autotradenow.com/details/103398125… $SGY $REN $SPY $VIX $TSLA $AMZN,0,0,0
1463587645498527755,realTKAL,1637799461,EOD Blood bath coming $amzn $fb $msft $aapl $ba $gs $tsla $nvda huge sell off coming  market tanking today sub 4650 today careful folks ®,0,0,1
1463587735495602183,WallStSnacks,1637799482,"Bull ForecastsNovember 24, 2021 11:13:00 PDTticker : log change intraday$HTZ : 4.97$LMT : -0.01$TGT : 0.27$AMZN : 0.43$ROKU : 2.54$GOOG : 0.74$TWTR : 1.75$GOOGL : 0.59$UPS : -0.76$JNJ : 0.20",0,0,0
1463587803388780545,PTechTendies,1637799499,Entering $AMZN 3700C 12/17 with FOMC drop. Winter is coming @SigCharts,0,0,0
1463587815967629320,realTKAL,1637799502,*last warning* EOD Blood bath coming $amzn $fb $msft $aapl $ba $gs $tsla $nvda huge sell off coming  market tanking today sub 4650 today careful folks ®,1,0,1
1463588295405973523,mmsomji,1637799616,$AMZN calls tiny size for a bounce,0,0,0
1463588929194577925,KentsBrokerage,1637799767,$AMZN $TSLA quick 20 pt flushes on both get used to this kind of action know your levels and manage risk.,1,3,16
1463589032424660994,KeepITWettt,1637799792,$lgvn the time is now let’s smash Monday’s high wtf are we waiting for SEND IT THROUGH THE ROOF!  BYE BYE SHORTIES $cei $ispc $gtec $lcid $oeg $sndl $tsla $aapl $fb $amzn $ibio $sunw $cciv $ltnc $amc $mpln $vg $lee $reto $ifmk $litm $srtm $auph $grcl $ormp $drma $rxdx,0,0,1
1463589237102575616,WallStSnacks,1637799840,"Bull ForecastsNovember 24, 2021 11:19:00 PDTticker : log change intraday$LMT : -0.10$HTZ : 3.79$AMZN : 0.29$TGT : 0.08$GOOG : 0.53$TWTR : 1.53$GOOGL : 0.39$ROKU : 2.52$UPS : -0.91$GME : -5.04",0,0,0
1463589531337244675,7PddMccIV6grIbP,1637799911,Making a fortune in $cryptoBonus 40% https://mining.online/?ref=1536589&open=1…$elon $doge $gt $upx $btc $tsla $shib $xlm $ltc $aapl $elon $doge $amzn $celo$pypl $sq $etc $grt $xmr $link $eth $ada $sc $zec$hood $neo $dash $btt $gme $zec$elon $doge $tsla $matic $btg $iwm $xvs $bnb $amc,0,0,1
1463589708878037001,roundhill,1637799953,Top 10 Ball Metaverse Index Holdings -- 3Y Revenue CAGR1. $NVDA: 26.6%2. $RBLX: 72.2%3. $MSFT: 14.2%4. $FB: 26.2%5. $U: 38.7%6. $ADSK: 18.9%7. $AMZN: 25.3%8. http://700.HK: 20.7%9. $QCOM: 16.8%10. $TSM: 13.6%Source: Bloomberg,2,7,55
1463590024239329290,TopStockAlerts1,1637800028,$AMZN Black Friday Amazon Strike Called by German Union,1,1,3
1463593062471553034,vanhiha,1637800752,It is a blessing to be apart of such a great discord community full of helpful analysts and traders! I can finally pay off my house with the profits!$SPY $TSLA $NIO $EYES $QQQ $UVXY $ES  $FB $BA $GME $NVDA $AAPL $SOL  $AMZN $ORCL $PM $PT $S $SQ $MRO $F $V,0,0,0
1463593285663002629,vanhiha,1637800806,"Almost thru the year and here we find massive gains on the overall portfolio, just spent 275k on some real estate. My first time expanding outside of equities.$FSR $PLTR $AAPL $TSLA $M $GME $AMZN $EBAY $PTON $PENN $ZM $SPY $QQQ $UVXY",0,0,0
1463593477166481412,realTKAL,1637800851,EOD Blood bath coming $amzn $fb $msft $aapl $ba $gs $tsla $nvda huge sell off coming  market tanking today sub 4650 today careful folks ®,0,0,0
1463593662000947207,MangotreeA,1637800895,Yes. Absolutely zero operational synergies. I can see $shop or $amzn or $MSFT but makes no sense for $aapl especially considering their M&A-lite strategy,0,0,2
1463593896911458306,pandabearchap,1637800951,I love it!  Don't mess with Tesla Only serious buyers need apply Tesla (TSLA) sends ultimatum to buyers who keep delaying deliveries http://disq.us/t/434fk9o $tsla $goog $aapl $amzn $nio $lcid $xpev $li $f $gm @DillonLoomis22 @TeslaPodcast @WR4NYGov @EvaFoxU,0,0,0
1463593953521913858,NomadTrader8,1637800965,Lotto: $AMZN 3600c … weekly @ 10.14Just one contract to swing through  day (unless it pops end of day)PLEASE DO NOT FOLLOW … only posting on here for my own trade journal … ASSUME YOU ARE LOSING 100% of your investment if you follow …,0,0,3
1463593997134450693,buccocapital,1637800975,Let me tell you as someone who has owned $V for like three days it’s legit. $AMZN trying to push you around? I got your back. LFG. Day 2 baby.,7,2,63
1463594102474350602,BigOmoves,1637801000,Caught $TSLA at open. Green to red move. Good for 15.00.   Then back up over inside candle. For quik reversal. Target. Open/ high of day/ pivot high on 15.  Caught $ETSY $SQ $NVDA $AMD $MRNA $SHOP $AMZN. And of course $DE as well. Want to see how to do this and get signals? DM me,1,0,2
1463594352475844611,AjithKu65,1637801060,Live analysis from experienced traders during the premarket hours granted our members over 27% on $AESE.$BTC $ETH $LINK $XTZ $ADA $VET $KNC $SXP $TWTR $ES $JD $BABA $BIDU $TME $SPY $QQQ $DIS $TSLA $SHOP$AMD $AAPL $SQ $AMZN $EA $SEDG $MA $V $KO $PYPL $RCL $GOOG $NKLA $DKNG,0,0,0
1463594443261587464,AjithKu65,1637801082,Our top traders caught this insane play which granted our members over 215% on $V!$AMZN $COIN $CAT $QQQ $ATH $CCL $AMD $AAPL $MSFY $BA $IMO $TRXC $CHK $MGM $MU $NKLA $GDEN $SPY $ONCT $DAL $WFC $JETS $ROKU $NOK $OXY $CCL $ASTX $RCL $DGLY $HTZ $PENN $GMBL $RGR $KTOV $GNUS,0,0,0
1463596042071465987,davidmoadel,1637801463,"Tesla Stock: Pricey, but Still Worth a Look - article I wrote for @tipranks https://tipranks.com/news/article/tesla-stock-pricey-but-still-worth-a-look/… $SPY $QQQ $DIA $DJIA #stockmarket #investing #finance #stocks $AAPL $TSLA $AMZN $INTC $NFLX $AMC $NIO $GME",0,0,1
1463596164113129477,Vaskar506,1637801492,I've  made 36k  with them . If you really want to make a huge profit on trading .... Choose this professional chat:  $TSLA $NKLA $ROKU $AAPL $JPM $AMZN $MSFT $ZM $FB $NVDA $DAL $AMD $RMTI $SLV $HSBC $BAC $CLSK $ILMN $QQQ $BA $UAL $AAL $TQQQ $MVIS $GOOG $SPY,0,0,0
1463596164712914951,davidmoadel,1637801492,GlobalFoundries IPO Lets You Invest in a Chip-Shortage Problem Solver - article I wrote for @investorplace https://investorplace.com/2021/11/gfs-stock-lets-you-invest-in-a-chip-shortage-problem-solver/… $GFS $AMD $NVDA $MU $SPY $QQQ $DIA $DJIA #stockmarket #investing #finance #stocks $AAPL $TSLA $AMZN $INTC $NFLX $AMC $NIO $GME,0,1,1
1463596232383807494,Financeresearc4,1637801508,"Last spam message, everyone please send emails to Roger and his team at @optecintl asking for clarification on this? $OPTI this could be the evidence we need for him to get the immediate boot. $CBYI $VICA $AMZN @MikeIorlano $SHIB ceo@optecmpg.com #WhatsApp",3,2,6
1463596259370057736,davidmoadel,1637801515,Microsoft Stock Is a Powerful Cloud-Market Runner - article I wrote for @tipranks https://tipranks.com/news/article/microsoft-stock-is-a-powerful-cloud-market-runner/… $MSFT $SPY $QQQ $DIA $DJIA #stockmarket #investing #finance #stocks $AAPL $TSLA $AMZN $INTC $NFLX $AMC $NIO $GME,0,0,2
1463596380920983554,PS62716464,1637801544,$AMZN Classic rotation or profit taking is happening. Fundamentals & future growth outlook is strong. Now is the time to pounce when you see pullbacks or corrections for financial freedom.  AMAZON -,0,0,0
1463596540019232770,davidmoadel,1637801582,Why It’s Time to Revisit Lucid Stock - article I wrote for@tipranks https://tipranks.com/news/article/why-its-time-to-revisit-lucid-stock/… $LCID $SPY $QQQ $DIA $DJIA #stockmarket #investing #finance #stocks $AAPL $TSLA $AMZN $INTC $NFLX $AMC $NIO $GME,0,0,0
1463596806391185415,davidmoadel,1637801645,Beaten-Down Thanksgiving Stocks for a Dip Buy with Gravy and Mashed Potatoes https://youtube.com/watch?v=TwxiuIC7YT8… $SDC $ADSK $SPY $QQQ $DIA $DJIA #stockmarket #investing #finance #stocks $AAPL $TSLA $AMZN $INTC $NFLX $AMC $NIO $GME,0,0,0
1463597172419710985,jeoptions,1637801732,Let this sink inthere are more deaths in Australia by suicide then by CovidThe media and government are not here to help you growhttps://podcasts.apple.com/us/podcast/the-jordan-b-peterson-podcast/id1184022695?i=1000542841142…#es_f #nq_f  #stocks $ftse $rut  $dax $spx $ndx $tsla $aapl $pltr $cgc $usci $jo $amzn $fcx $urnm $bac,0,0,0
1463603055526440962,ManSherv,1637803135,I hope u did ur shopping too $TSLA $COIN $AMZN $IWM $GOOG$SPX $ES_f $NQ $RTY $VIX $QQQ $SPY,2,0,10
1463603549816852482,NomadTrader8,1637803253,Took profits here @ +14% on that $AMZN 3600 weekly lotto … this was the weekly lottoDon’t want to leave gains on the table … and $697 is a lot of money!  #LunchMoneyLotto ,0,0,3
1463603580565262341,risenfit,1637803260,$NIO $SPY $QQQ $IWM $AAPL $AMZN $GOOG $MSFT $FB $AMC $GME $CLOV $WISH $TSLA $NIO $BTC $MARA $RIOT $SAVA $SOFI $NVDA $AMD $BABA $CGC $TLRY $LVGN,1,1,1
1463603830935928833,StockHollywood,1637803320,$AMZN perk upnice recovery,0,0,0
1463603839261712386,,1637803322,"$MU #MicronTechnologies #DD (part 2); price history; P/E Ratio, NAND Flash growth, CEO's performance. Technology DD  Date: 2021-11-24 Author: u/Emony-Dax Karma: 547, Created:Oct-2016 r/WallStreetBets $EVR $NVDA $QCOM $WDC $AMZN $GOOGL https://reddit.com/r/MillennialBets/comments/r19zbd/mu_micron_technologies_dd_part_2_more_concise_a/… @rMillennialBets",0,0,1
1463604174566871041,7PddMccIV6grIbP,1637803402,Making a fortune in $cryptoBonus 40% https://mining.online/?ref=1536589&open=1…$elon $doge $gt $upx $btc $tsla $shib $xlm $ltc $aapl $elon $doge $amzn $celo$pypl $sc $zec$hood $neo $dash $btt $gme $zec$elon $doge $tsla $matic $btg $iwm $xvs $bnb $amc$sq $etc $grt $xmr $link $eth $ada,0,0,0
1463604424828506119,CaptainPrice619,1637803461,$LCID $FSR $BBIG $ANY $TSLA $DWAC $BENE $NXTP $CNTX $DATS $FCEL $PHUN $GRNQ $XPEV $CRTD $AAPL $MARK $WISH $NIO $FAMI $UAMY $PROG $BTC #BTC $SHIB $DOGE $ETH $PBTS $AMZN $TWTR $SNAP $FB $RIOT $MARA $BTBT $ARBK $SPCE $BITO $GME $AMC  $NAKD $MULN $CEI $CYN $MRAI $MRAI $METX $PETV,0,1,3
1463604518134812677,SelectOptions,1637803484,BLOCK 160 $AMZN 12/17/21 $3410 puts for $39.05 Spot: $3584.69Volume: 582OI: 445IV: 29.73%Premium: $624.8kSector: Consumer Cyclical,0,1,0
1463604731561996291,SeekingAlpha,1637803535,$AMZN - Amazon Stock Forecast: What To Watch For In 2022. https://seekingalpha.com/article/4471825-amazon-stock-forecast-2022?source=feed_f&utm_campaign=twitter_automated&utm_content=article&utm_medium=social&utm_source=twitter_automated… #stocks #investing #markets,1,1,1
1463604748205109254,SimpleStacks,1637803539,Some interesting $AMZN flow that came in today...,0,0,1
1463606677018746888,TheStreet,1637803998,JPMorgan says $AMZN should surpass $WMT as the largest U.S. retailer in 2022,1,4,19
1463607166472962056,russthenewbie,1637804115,"When $AMZN, $CRWD, $AAPL, $MELI are the only ones in negative, and your portfolio is up 1.79% after two disastrous days, I say it’s been a pretty good day.",0,0,0
1463607218436255744,StckPro,1637804128,$MSFT $AMZN NEW ARTICLE : Amazon Stock Forecast: What To Watch For In 2022 https://stck.pro/news/MSFT/18617447… Get all the latest $MSFT related news here : https://stck.pro/news/MSFT,0,0,0
1463607415799222272,InvestrTrades,1637804175,TODAYS Recap!  $XPEV Calls Paid over 66%!! $AFRM Calls Paid over 44%!$QCOM Puts Paid 24%!No Losers Today!SHOW LOVE60 Retweets For FRIDAYS FREE PICKS!$SPY $TSLA $SHOP $AMZN $ROKU,0,12,46
1463607430286397447,quinndarling31,1637804178,I just got my call debit spread on $AMZN. I can't wait for Cyber Monday ,0,0,0
1463607632590110722,Tiger01255,1637804226,Massive shout-out to folks over at the discord server for helping me set-up these $AESE calls! Time for a quick vacation!$AMZN $AAPL $AMD $FB $BOXL $BA $PFE $MCD $UPS $MMM $SINT $SOLO $GE $SPOT $V $APHA $EBAY $MA $MU $RPM $GILD $PHUN $KHC $NOVN $ABCB $BUD $MRNA $CLF $WAFU $INOL,0,0,0
1463607646573924357,NomadTrader8,1637804230,Current Nomad PositionsWill swing 12/3 $AMZN 3600cHave stop profits set for $PEPSwinging 12/3 $RBLX 125c,2,1,6
1463607664328552458,PandaOptions,1637804234,Todays plays $CAT 12/3 207.5c hit +33% (3.00 to 4.00)$QQQ Lotto 392p failed.$AMZN 12/3 3700c hit +32% (34 to 45)Small size again on todays plays going into the holiday. Happy Thanksgiving to all that celebrate! ,1,4,40
1463607727490420739,Tiger01255,1637804249,Get ahead of the trend here at Xtraders. $AMZN $AAPL $BA $BABA $FB $TSLA $MSFT $ROKU $AMC $SPX $SPY $TDOC $GME $ZM $NVDA $BYND $SNAP $TGT $PYPL $V,0,0,0
1463608789316288520,NoloTrades,1637804502,How did you all trade today?$SPY $TSLA $BTC $AMZN $AAPL $IWM $FB $MU,0,0,0
1463608846790709252,AjithKu65,1637804516,Last week our analysts alerted our members to watch $AMZN over the weekend!$XSPA $NOVN $ABEV $BNGO $HTBX $AIM $ONTX $UAVS  $CBL $AIKI $TNXP $MRNA $ACB $MEDH $PLIN $SINT $IDEX $CHFS $IDXG  $INO $RMBL $PIXY $BLU  $NSPR $IBIO $PHUN $INPX $CLSN  $BIOC $BOXL $GNUS,0,0,0
1463609029574291459,AjithKu65,1637804559,Check out our discord group for trading Chatroom/community $EDSA$KODK$DOW$GNUS$IDEX$BSBS$TSLA$TAOP$JFK$CEMI$SPY$SHOP$AMZN $NVDA$ROKU$EBAY$AMD$AAPL $V,0,0,0
1463610624722841602,c2412345,1637804940,Big volume spikes/block trades on $BB BlackBerry... patent sale/partnership news coming? $SPY $QQQ $IWM $AAPL $AMZN $GOOG $MSFT $FB $AMC $GME $CLOV $WISH $TSLA $NIO $BTC $MARA $RIOT $SAVA $SOFI $NVDA $AMD $BABA $CGC $TLRY $LVGN,1,0,1
1463611170804355074,algobotnews,1637805070,"#SocialStocks: U.S., EU ramp up antitrust rhetoric$AAPL $GOOGL $GOOG $AMZN $FB $MVRS $MSFT $BABA $BKNG $TWTR $WMT",0,1,0
1463611253742579716,vtmtrading,1637805090,"#SocialStocks: U.S., EU ramp up antitrust rhetoric$AAPL $GOOGL $GOOG $AMZN $FB $MVRS $MSFT $BABA $BKNG $TWTR $WMT",0,0,0
1463611347208478720,EquityInformer,1637805112,Most mentioned symbols (6H):1st $TSLA 232nd $LGVN 183rd $BFRI 184th $AMZN 145th $SPY 13,0,0,0
1463612159573872643,QuisitiveInvest,1637805306,“We love talking to you about your portfolio. We noticed one of your top holdings is Amazon $AMZN. Can you tell us a little about that company?”Great work Bloomberg Radio.,2,0,29
1463613129250775053,dollarinvesting,1637805537,$AMZN Guggenheim initiated price target to $4300,0,0,3
1463613351485861888,OptionsRebel,1637805590,Max profit potential for today's alerts: $AMZN $NVDA $TSLA,0,0,0
1463613399548383234,StockHollywood,1637805601,"$AMZN +$10,131 via weekly callscut mine too early, like painfully early lolnice move on the r/g anticipation, but lacked patience",0,0,5
1463614930876305418,RothIRAOptions,1637805966,Symbol : $AMZN1 Day Vol Change: -36.31%7 Day Vol Change: -10.07%30 Day Vol Change: -13.09%Powered By #VolumeFlow,0,0,0
1463616399142789123,mediasentiment,1637806316,$AMZN  new alert at http://aheadsup.com/twitter/newsentiment.html?user=usequities…  #stocks #daytrading  #NYSE #NASDAQ #market 787,0,0,0
1463616582576398341,Alpha_Bronze,1637806360,"S&P 500, Nasdaq eke out small gains as jump in Treasury yields cools!$MSFT $AAPL $GOOGL $AMZN $CMCSA $CRM $AMD $MU $QCOM $NVDA $TXN $FB $NFLX $HD $JNJ $PFE $ABBV $LLY $GILD $MRK $AMGN $CVS $TSLA $DIS $PYPL $CSCO $INTC $ORCL $XOM $GS $PG $WMT $SBUX",0,2,2
1463617215899439108,Inves2grow,1637806511,What stands out to you?  I'm not sorry I've been focusing on $GOOGL & $AMZN,1,0,2
1463617229786730496,WallStSnacks,1637806514,"Bull ForecastsNovember 24, 2021 13:10:00 PDTticker : log change intraday$HTZ : 10.86$MRK : -0.30$GOOGL : 0.39$GS : -1.25$FDX : -0.56$MCD : 0.98$CAT : 1.83$SPY : 0.76$AMZN : 0.50$TSLA : 3.73",0,1,1
1463617244005646338,WhaleStream,1637806518,Check out the Top WhaleFlow from today!Sign up for #WhaleStream & get a FREE WEEK to see all the #WhaleFlow in Real-Time!$TSLA $SPY $AMZN $AAPL $IWM $AMD $STNE $QQQ $NVDA $MAR $RIOT $JD $BEKE $BAC $DKNG $PDD $NIO,0,1,3
1463617409646923778,GrnUnicorn,1637806557,"I may be too late for #bitcoin , $amzn and $tsla… but perfect timing for $hmbl, #blocks and $dgb … looking forward to amazing growth in the next 10 years! .. aside from a healthy family, that is what I am thankful for this year…",0,1,4
1463617797230145547,StckPro,1637806650,$AMZN NEW ARTICLE : Amazon VP of Physical Retail Leaves Company as Brick-and-Mortar Plans Continue https://stck.pro/news/AMZN/18619321… Get all the latest $AMZN related news here : https://stck.pro/news/AMZN,0,0,0
1463617876288491524,TraderMarcoCost,1637806669,#Amazon-backed EV firm #Rivian delays deliveries of R1S SUVs - reports $RIVN $AMZN,0,0,1
1463617932328529923,GlennBusch,1637806682,Infiltrating Amazon: What I learned going undercover at the corporate giant https://breachmedia.ca/infiltrating-amazon-what-i-learned-going-undercover-at-the-corporate-giant/… $AMZN,0,0,0
1463620943251660803,DW3p4c,1637807400,#Markets Update: 11/24/2021 4PM ESTIndex PerformanceAdvances & Declines DistributionNet Inflow$SPX $DJI $IXIC $SPY $IVV $VOO $ES $VIX $DIA $QQQ $NQ $RUT $IWM $IWD $IWF $AAPL $TSLA $MSFT $AMZN $FB#StockMarket #stocks #investing #trading #NASDAQ #NYSE #options,0,2,3
1463621367954386947,7PddMccIV6grIbP,1637807501,Making a fortune in $cryptoBonus 40% https://mining.online/?ref=1536589$elon $doge $gt $upx $btc $tsla $shib $xlm $ltc $aapl $celo$pypl $sq $etc $grt $xmr $link $eth $ada $sc $zec$hood $neo $dash $btt $gme $zec$elon $doge $tsla $matic $btg $iwm $xvs $bnb $amc$elon $doge $amzn,1,2,2
1463621384819691532,daarkmaagician,1637807505,"#BaggerFriday  into next week potential plays. Inside day tickers. Want to see breakout / breakdown today’s high and low of day into yday’sH/L. Some notable ones: $NFLX $DKNG $ZM $ARKK $SE $MU $PINS $OPEN $AMZN  $MSFT $LCID $FDX $QCOM $TGT $SNAP (not shown, was deep red)",2,2,11
1463621534967238657,Tiger01255,1637807541,Can't believe I was able to more than double my account this past week. Thank you to the helpful analysts and traders over at the discord server!$AMZN $AAPL $BA $BABA $FB $TSLA $MSFT $ROKU $NKLA  $SPY $TDOC $COST $ZM $NVDA $BYND $SNAP $TGT $PYPL  $QQQ $XLP  $NIO $SQ,0,2,2
1463621714785435648,dailyEdgeGroup,1637807584,Nice chart showing the dependence of $NDX performance on yields these last months.$QQQ $XLK $AAPL $MSFT $AMZN,0,0,1
1463621990497992708,Tiger01255,1637807649,"Almost thru the year and here we find massive gains on the overall portfolio, just spent 275k on some real estate. My first time expanding outside of equities.$FSR $PLTR $AAPL $TSLA $M $GME $AMZN $EBAY $PTON $PENN $ZM $SPY $QQQ $UVXY $V",0,2,2
1463622021020102660,SwingingForward,1637807657,Keep making those profits ErTolete!Check our other trades like $ABNB $AMD $AMZN $MA $VFollow our live Trade Idea's Scanner for FREE trade ideas!https://youtube.com/unitedtraderschannel/live…#techstocks #invest #wallstreet motivation #profit,0,2,3
1463625272306159624,ElliottForecast,1637808432,"$AMZN is is bullish in shorter cycles above the October 2021 low.  We like to buy the dips in 3, 7 or 11 swing against the Oct 2021 low.  Further upside extension is favoured, we do not like to sell it short. #Elliottwave #trading #Stocks",0,0,0
1463625757490651136,_unitedtraders,1637808548,Keep making those profits ErTolete!Check our other trades like $ABNB $AMD $AMZN $MA $VFollow our live Trade Idea's Scanner for FREE trade ideas!https://youtube.com/unitedtraderschannel/live…#techstocks #invest #wallstreet motivation #profit,0,0,3
1463626441057517570,ArghajeetG,1637808711,"$BABA I like this guy, he's funny :o)$qqq $spy $kweb $amzn ",0,0,0
1463627339666010116,realalexvieira,1637808925,"Happy Thanksgiving to Cloudflare, Amazon, and HubSpot Investors! Tremendous Rally $NET $HUBS $AMZN $QQQ #investing #thanksgiving #NEWS",0,2,2
1463628201440288774,alifetailored,1637809130,If anybody actually cared about the environment we would stop ordering from $amzn,0,0,1
1463628283619074338,sfosean_,1637809150,$AMZN has been a TERRIBLE investment recently. It has underperformed the S&P 500.,4,0,1
1463628605473366025,Jarvis_Alerts,1637809227,"$AMZN 3650C Exp:26-Nov-21 ↑↑   Total(Day): $41,601 $AMZN 3700C Exp:03-Dec-21 ↑↑   Total(Day): $39,741 $AMZN 3800C Exp:03-Dec-21 ↑↑   Total(Day): $30,690 #UnusualActivity Sign-up free for beta ver.:https://app.jarvisalerts.com charts: courtesy of finviz",0,0,0
1463628606475673602,flippinpennies,1637809227,Relative strength leaders. $NVDA $AAPL $AMZN $GOOGL $MSFT,0,0,5
1463628614998626321,Jarvis_Alerts,1637809229,"$AMZN 3850C Exp:03-Dec-21 ↑↑   Total(Day): $63,700 $AMZN 4000C Exp:18-Mar-22 ↑↑   Total(Day): $300,000 $AMZN 3000P Exp:16-Sep-22 ↓↓   Total(Day): $29,400 #UnusualActivity Sign-up free for beta ver.:https://app.jarvisalerts.com charts: courtesy of finviz",0,0,1
1463628973032812560,TechNewsClub,1637809314,"Amazon workers plan Black Friday protests worldwide $AMZNYahoo Finance's Ines Ferre details the ""Make Amazon Pay"" protests organized by workers demanding enhanced benefits and recognition of employee labor unions.The full video here ",0,1,4
1463629751885520898,LuoshengPeng,1637809500,I'd think two Fintech powerhouses are in the making: $AFRM with the help of $AMZN & $GLBE with the help of $SHOP.,11,24,215
1463633436858621954,WallstNFTs,1637810378,The Symbol Treasures are now available https://opensea.io/collection/symbol-treasures…  $tsla $rklb $cgc $amzn $spce,0,4,5
1463633479485296650,Stratinator,1637810389,"Here are my crazy #BlackFriday #options lottos ideas $SNAP  2-1-1-2u ? > 50.27 -> 51c$MU      2-1-2u ?    > 87.15 -> 88c$AMZN  2-1-2u ?    > 3594.35 -> 3650c  High risk, can lose it all!! #TheStrat",1,1,5
1463634067727998983,raymond10mm,1637810529,#good day $es_f $AAPL $FB #daytrading #marketprofile #futures $spx $zb_f $nq_f $cl_f $GC_f $amzn $XOM $ibm $googl $AVGO $WFM $cvs $bac $td $WMT $COST $WFC $jnj $GE $GS $tsla $utx $JPM $dis $MCD $mo $NKE $TGT $RHT $V $gc_f $NKE $TGT $RHT $V $gc_f,1,3,4
1463636088526880776,askwarrenbuffet,1637811011,$ICOA to announce new joint venture with $W as early as Fridayhttps://askwarrenhq.blogspot.com/p/breaking-news.html…$TSLA $KGC $DNR $AXP $ACRL $VST $AMZN,0,1,1
1463636362335293441,LesscoMatt,1637811076,$AMZN perfect pullback and now looking for this to start ramping up towards 3685-3735 zone next. Needs to stays above 3529 on any pullbacks. #AMZN,1,0,2
1463639804101365765,Pivotonians,1637811897,$TSLA has multiple revenue streams - is as much of a ‘car company’ as $AMZN is just a ‘book seller’$RVIN & $LCID at least in theory have a revenue stream.$NKLA does not.Whether or not #Rivian & #lucidmotors can reach profitability is a seperate equation to a ‘bubble bursting’,0,0,0
1463640380805582848,metaverseconomy,1637812034," Worlds: $RBLX, $MRVSHardware/Software: $APPL, $MRVS, $U, $NVDACommunication: $MRVS, $SNAP, $AAPL, $DSCRDCurrency: $BTC, $ETH, $SOLGames: $RBLX, $MRVS, $MSFTCommerce: $SE, $AMZN, $MRVS, $AAPL, $OPSEA",0,0,0
1463640750810447874,surinotes,1637812122,"@ljganz @Vol888 Sorry, I do not chart $AMZN and $MSFT charts. See where I live and use your imagination.",0,0,0
1463640961720926211,CNBCFastMoney,1637812173,Retail sales are up +20% this year vs. 2019.@GeraldStorch walks through his picks in the space ahead of Black Friday. $AMZN $WMT $COST,3,8,25
1463641010110488577,Pivotonians,1637812184,$AMZN “investors” who “banked some of their recent gains” in early 2000 will be kicking themselves now for diluting their holdings.Their are always winners that rise from the ashes of a burst bubble - the trick is to pick which one.Do your own research.The ICE age is dying.,0,0,0
1463641132844392449,TigerStyleT,1637812213,$AMZN thanks to @LesscoMatt @Trendspider_J,0,2,0
1463642089707630595,Inves2grow,1637812441,I'm pushing in on $AAPL as well. They continue to be very strategic ($TSM 4nm) $NFLX I only recently listened to a podcast that roughed out the relative role it plays amongst $AMZN & $DIS ,1,0,1
1463649475847720962,LesscoMatt,1637814202,$ZM $TSLA $AMZN $DOCU $FB some of the good ones. It’s fun to be apart of and see other traders winning  Free trial at http://mktmotion.com Enjoy the Holiday ,1,1,1
1463650871414198272,InvestingAngles,1637814535,Posted daily analysis/updates:$SPX $DJIA $NDX$VIXMarket pulse:$MSFT$AMZN$GOOGL$FB$NVDA$SHOP$XOM$AAPLMicro path:$ETH$SPXTune up for daily analysis:$gold $BTC $ETH,0,0,1
1463651021712994306,DjDarroo,1637814571,https://youtube.com/watch?v=V6KbHfzs28E…$F $GE $AAL $DIS $DAL $MSFT $TSLA $CCL $GPRO$ACB $AMZN $PLUG $NCLH $SNAP $BAC $BA $FIT $UAL$MRNA $NIO $HEXO $UBER $BABA $AMD $FB $CGC $TWTR $RCL$NFLX $ZNGA $CRON $T $INO $KO $APHA $SAVE $TOPS $SBUX,0,0,0
1463652147237584896,Trading4JP,1637814839,11/24 EOD scanOutside day$FB $MS $TXN $TDOC $CPNG $JMIA $ON $PENN $HD $ADBE Inside day$DKNG $CSX $LCID $NIO $MU $MSFT $PFE $VZ $OPEN $NKLA $ZM $PINS $QCOM $LI $JD $AMAT $PG $AMZN $NFLXDouble inside day$SNAP $TGT2Days inside$F $AAPL $PYPL $GM $ATVI $SQ $AFRM $MA $MRNA,0,0,1
1463652860705583107,NorthcrestCap,1637815010,$AMZN Amazon is usually valued at 24 to 25x operating cash flows and in 2022 analysts are expecting a 40% increase in OCF. Today it’s trading at about 30x OCF so a modest multiple contraction is probably likely. Im expecting Amazon to go to 4000-4200 based on 2022s estimated OCF,0,0,3
1463653243821576193,stlthwlth,1637815101,Took $AMZN 3620C for a good 30%.Small win for $ZM. Thanks again @PandaOptions for the levels.,0,2,10
1463653680079683587,AFTAlerts,1637815205,"TICKER: $AMZNSIZE: 118,538PRICE: $3,580.41TIME: 16:00:00AMOUNT: $424,414,641",0,0,1
1463654000444596224,MrCosmoKraymer,1637815281,$ARKK Some of the top 10 holdings in 20142014 $NVDA MC =>  $10B2014 $CRM MC =>  $37B2014 $NFLX MC =>  $20B2014 $TSLA MC =>  $28B2014 $AMZN MC =>  $144BThinking that the @ARKInvest team knows how to pick winners.,0,1,1
1463654020594155523,malteseinvest,1637815286,"$AMZN Bought @ 3192 Stop Profit raised to 3420Target 3820, 4340 Choppy around 3600/17 For now 3579 contains downside probesImmediate support 3471/57 then 3430/22(Modified analysis submitted: Oct. 01, 2021)  #investing #trading #stocks",0,0,0
1463654549852409865,LlcBillionaire,1637815412,My $AMZN Bull Put Spread During This Historically-Bullish Week,0,0,0
1463657024726736896,cytocine,1637816002,$AMZN bounced perfectly from 21 EMA support on dailies.,0,0,0
1463657062680993796,InsidersFlowAI,1637816011,"$AMZN we're looking for it friday short day. 3600 is both resistance & expiry/premium hot spot. I'm hoping ORB gives us an opportunity, today the contracts went from 14.50 to 43.60. That's 4x on a smaller account haha.",0,0,0
1463657188279603200,StockmanDuck,1637816041,Top tweeted stocks:$TSLA $ZM $RBLX $AMZN $COIN $SPX $AMD $FB $MANA $XPEV $MU $JWN $CAT $DE $AAPL $AFRM $SHOP $LCID $FCEL $GPS $MQ $PYPL $GLD $ABNB $DKNG $SE $TWLO $UPST $HPQ $ADSK $PLAN $ROKU $SQ $SOL $WMT $HUT $SAND $GALA $FSLR $FUBO $UNP $AMAT $RTY  #stockstowatch,0,0,1
1463657608615809025,jerchess,1637816141,$amzn when in doubt buy Amazon,0,0,0
1463657614122782721,AlrtStock,1637816143,"$amzn  Most winning chat; come out soon, and most profit again,., https://discord.io/9upj3K7LkuQ-",0,0,0
1463657632229736448,VXO150,1637816147,"Love your charts and data like always but i said what am seeing everywhere, do believe we are going to see the parabola in indices next year as every other idiot talks about fiscal drag and other pessimist stuff. Charts of $AAPL $AMZN look like NDX before going parabolic  2000",1,0,2
1463658198594985988,Prfrance88,1637816282,"$F still looks like it could disrupt the industry, but $AMZN (imo NOT FNA) seems to be slipping recently. That peak on 11/19 is  from ATH. So maybe big money is out based on global concerns? Only time will tell.",0,0,1
1463658587734085641,JimScalpert,1637816375,One of the benefits of my wife having Crohns disease.  I never have to worry about her going to target for 2 hrs.  Why you think she's such a large contributor to $AMZN eps?   ,0,0,2
