1463534253992558604,UncoverAlpha,1637786731,Jack Ma’s Ant Rebrands Some Credit Offerings as Part of Overhaul $BABA,0,0,0
1463535104614146063,InvestorsTavern,1637786934,"Imagine being one of the best investors of a generation, patiently waiting a decade to buy a single stock, only for it to fall -42%. This game take no prisoners $BABA",3,0,5
1463535159790219271,TheWealthPrince,1637786947,$BABA puts now,1,3,0
1463535234163613708,capy_capital,1637786965,Is $PLAN the growth equivalent of $BABA?Both camps bag holding in the name of their respective idols,2,0,4
1463535434575712256,RockyS80099942,1637787013,$BABA DONT SEE HEALTHY STILL,0,0,0
1463535675463012352,cleaningthe626,1637787070,"Ol Beany had to buy more $BABA this morning, Black Friday Sale...Ol Beany is ready for some Turkey too",0,0,1
1463536234010185732,KimHadesz,1637787204,Early black friday buy for me #baba $baba,0,0,0
1463536831543357452,daleadamson13,1637787346,What's or upside plz? $BABA,1,0,0
1463537545980088326,itscharliemar,1637787516,"$BABA Lowered my calls another $0.11 cents!  So grateful for this opportunity! Over all, I have lowered my cost from $23.31 to $21.45. A total of $1.86 lower! Couldn’t have done it without this drop! The upside will be even greater now!  #alibaba Thank you!  #baba",0,1,30
1463537933680615426,moon_shine15,1637787609,Some exhaustion names worth watching for local reversal off this early week action: $Z $ROKU $PYPL $TASK $CRSP $BIGC $STNE $DLO $ARVL $TDOC $BABA $DOCS,4,1,17
1463538180230107137,jeoptions,1637787668,"ES -0.22%NQ -0.40%YM -0.31%In the big rallies NQ leads, so always interesting how the market acts when NQ is weak. the small things #ES_F #NQ_F #STOCKS $FTSE $RUT $DAX $SPX $NDX $SPY $QQQ$TSLA $NFLX $FB $AAPL $WISH $PLTR $BABA $NVDA",0,1,0
1463538237918511107,TraderAlert2,1637787681,#NewsAlert FOMO CORP. #OTC  $FOMC #FOMO PARTNERS WITH ENERGYCLOUD IN LATIN AMERICA http://bit.ly/3l3sWrk@FOMO_CORP @ipoguy @BillyGains01 $SPY $BABA $DVAX $ACB $OSTK $TRIL $LK $CODX $SAVE $GSX $INO $KSS $PENN $NVAX $NIO $AAL $NKLA $MSFT $AAPL $AMZN $TSLA,0,1,0
1463539403943460865,itscharliemar,1637787959,Update on my new Unit Cost & Cost Basis for my $180 Jan 23 Calls on $BABA! I have lowered my cost from $23.31 to $21.45. A total of $1.86! Couldn’t have done it without this drop! The upside is even greater now!   Thank you Market!  I Have 422 days for an uptrend! #alibaba,0,2,19
1463539622273818625,TraderMarcoCost,1637788011,$BABA downgraded to Hold from Buy at Argus,1,0,0
1463541178528378881,ryudexter,1637788382,Sell $BABA buy more Costco then,0,0,1
1463541575351513092,toriotrades,1637788477,"$JPM solid headfake to the upside, wasn't worth much. $XPEV huge rip 52.85>54.85$AAPL couldnt break. $CRM dumped $BABA headfake then jump!",0,0,0
1463541949118365700,JeridTrader,1637788566,"~When I was novice I made a lot of mistakes then I came to know about this C0mmunity.,,.,https://discord.com/invite/S2PwD2u$SBUX $IDEX $INCY $GPRO $T $JNUG $BABA $BAC",0,0,0
1463543783635574785,Techwor00996445,1637789004,$SKLZ on *Ellen DeGeneres *80Million Followers+@DroneRaceLeague+India Launch+#Metaverse$mrna $nvax $ocgn #wallstreetbets #wsb #stock #stockstowatch #Drone $spy $ktta  $mrna $nvax $pfe $ltry $wish $bbig  $pltr $lcid $rvin $ggpi $nio $jd $baba $tsla $rblx $nvda $zm $Arkk,0,0,0
1463545151045836804,AshleyWixson1,1637789330,"$BABA Diluted market cap: $365 billionCash, investments, Ant stake: $160 billionImplied value of rest of company: $205 billionI have forward “owner earnings” around $30 billion.P/E of less than 7 when top line is growing high teens and Cloud isn’t even profitable yet.",0,0,0
1463545495180169223,JUIVEDUMAROC,1637789412,$BABA - Alibaba shares hold steady as Warburg cuts Ant Group valuation,0,0,0
1463545825305542661,MarketChmln,1637789490,New 52 Week Highs 105 Lows 433. Highs $BFRI $LGVN $HPQ $BRD= $PSTG Lows $WISH $GPS $JWN $PLAN $BABA https://marketchameleon.com/Reports/Equity52WeekHighsAndLows/…,0,0,1
1463545983787147267,MARKETN81193170,1637789528,"$BABA Best Chatroom"" I've made over $264K By their alert,..               https://discord.io/rt20YftG",0,0,0
1463546132651458569,AllanFo59256166,1637789564,"*Starting with $25k, down to $15k, back up to $55k in a week, Lot of thanks to this chat https://discord.gg/HUMzdJw2wt$SPY $PROG $TSLA $QLGN $ISPC $VLON $MNOV $BABA $CLOV",0,0,0
1463546192630009856,StckPro,1637789578,$BABA NEW ARTICLE : Alibaba shares hold steady as Warburg cuts Ant Group valuation https://stck.pro/news/BABA/18608223… Get all the latest $BABA related news here : https://stck.pro/news/BABA,0,0,0
1463546448901926913,AjithKu65,1637789639,Why isn’t anyone talking about $V !!! Most profitable stocks on the market right now. $FB $AAPL $AMZN $NFLX $GOOGL $TSLA $NIO $NKLA $MSFT $SPY $DIA $NDX $GM $F $FSR $MRNA $PFE $TDOC $SNOW $SDC $AMC $GME $JPM $GS $MU $C $MS $T $QCOM $TSM $BABA $BIDU $VIPS,0,0,0
1463546589297795079,cleaningthe626,1637789672,Give me all the $BABA,0,0,8
1463546704100315137,Tiger01255,1637789700,$NIO $SPY $TSLA $FSLY $STAF $NFLX $ZM $WKHS $SPI $FB $PT $AAPL $BABA $PTON $KXIN $CEI $AMZN $MDRR $MTC $XXII $ROKU$TSLA $MA $GME $FDX $VStocks Options Day trading Swing Trading  Chatroom  join   Daily ALERTS & ANALYSIS Right On TIME,0,0,0
1463549377126010893,cryptom10340916,1637790337,What will be the best performing crypto in December?$PLTR $AAPL $MARA  $TSLA $QS $SQ $BTC #Bitcoin $HOOD $F $FB $WM $JOAN $RIOT $NRDS $NKLA $SOLO $DTC $TWTR $SNAP $MSFT $NFLX $AMC $LCID $PLUG $BABA $GME,1,0,0
1463549679505788928,Tradytics,1637790409, Symbol: $BABAStrike Price: 135.0Expiration Date: 11/26/2021  Better to add some extra time.Buy/Sell: Buy Call/Put: CallPremium Spent Today: 193.79KBid: 1.53Ask: 1.63Volume:  982 OI: 2458Tracking: https://tradytics.com/bullseye-dashboard?alert=-pFOsZ-KcvwF-Y5qm6-lj3Pv-SyDay… (Pans out in 1-2 days),2,1,3
1463551028851261446,Dave45291968,1637790731,"$BABA $BIDU $TCEHY #China""For the last few years, I’ve been a member of the Shanghai International Financial Advisory Council. This has permitted me to see the extent to which China is dedicated to attracting foreign capital and making Shanghai a world financial center,",1,1,0
1463551136837816324,ChasingPNL,1637790757,$BABA $DIDI $EEM $BILI $TME $BIDU have all bottomed today if they close strong…,0,0,1
1463551658382745613,tradesbybicanin,1637790881,$baba #baba #gann time analysis suggests dec 7th for a reversal. 129.77 last stop for this train. gap to fill on the upside 158.30,1,0,2
1463552403559620613,tradeinvincible,1637791059,"There’s more to the France story, a big player is scared of their presence. It’s most likely AliExpress who is owned by $BABA. They are scared $WISH may steal market share since they are American. They both sell the same stuff. Highly doubt Amazon is worried about Wish.",1,1,8
1463552526264025088,TechNewsClub,1637791088,Read Why Argus Downgrades Alibaba To Hold $BABAAll the details ,0,0,0
1463553019166048260,TargetPrices,1637791205,"Trending stocks on https://stocktargetadvisor.com on 2021-11-24 : $A, $ABBV, $BABA, $COMP, $CWB.CA, $E, $ENGH.CA, $FAF, $FBP, $LB",0,0,0
1463554058824962053,keyflowtrades,1637791453,"$BABA Flagging on 5m, ww for a move soon.",1,1,6
1463554201351512068,newsfilterio,1637791487,Read Why Argus Downgrades Alibaba To Hold $BABA https://newsfilter.io/articles/read-why-argus-downgrades-alibaba-to-hold-ee417a25a53e6e08ab34cb65fabb53f1…,0,0,1
1463554228161585157,BlancoTrades,1637791494,Taking some light $BABA 135 weekly calls for a daytrade at 1.65,0,1,1
1463555481423732744,StckPro,1637791792,"$BABA NEW ARTICLE : The Ratings Game: Alibaba stock just suffered the biggest 5-day selloff in its history, but Susquehanna analyst stays ‘positive' https://stck.pro/news/BABA/18609220… Get all the latest $BABA related news here : https://stck.pro/news/BABA",0,0,0
1463558667798601729,Techwor00996445,1637792552,$SKLZ Metaverse*On Ellen DeGeneres Show 80Million Followers+India Launch+Huge INSIDER BUYs$wish $bbig $clov $baba $jd $xpev $nio $li $ionq $rdw $seah $tsla $amd $nvda $mrna $nvax $aerc $bfri $lgvn $ptn $ocup $sopa $bfra $aura $bttx $lov $trda $augx $grom $game $sli $rlx,0,0,1
1463558758483865602,theflynews,1637792574,Wall Street in Fives - Must Read Lists at Midday $GPS $JWN $HPQ $DELL $DE $AAPL $TSM $NKE $SLI $GOCO $GOGL $NNDM $KURA $FFIE $CVX $BABA $DLTR $SPOT $FIS $GM $REAL $PLAN $PSTG $VMW $GES $ADSK,1,0,2
1463558800686866433,wwd2k,1637792584,$baba thinks it’s allowed to go up lol,2,0,1
1463559071588573186,Options,1637792648,"Most Active Equity Options For Mid-Day, November 24, 2021 – $TSLA, $AAPL, $NVDA, $F, $AMD, $FB, $LCID, $PLTR, $AMC, $BAC, $AMZN, $NIO, $RBLX, $ZM, $MU, $BABA, $XPEV, $MSFT, $SOFI, $WISH",0,1,2
1463559743532781571,TrainerTzu,1637792809,Bought $BABA JAN 19 24 150 call @ $33.1,0,0,1
1463559781457743874,bgomers7,1637792818,"I see that, but to me it looks like $TGT $BABA and $AMZN are all growing every meaningful metric at a faster clip, which I think would ultimately push Costco out like Sears or Macy's",0,0,0
1463560129387929613,TalkMarkets,1637792901,"Most Active Equity Options For Midday - Wednesday, Nov. 24 $AMD $BAC $F $NIO $AAPL $AMZN $MSFT $MU $NVDA $TSLA $BABA $FB $AMC $ZM $PLTR $XPEV $WISH $RBLX $SOFI $LCID",0,0,0
1463560841668837378,themarker18,1637793070,"$ADSK RBC Capital Maintains Outperform on Autodesk, Lowers Price Target to $343$BABA Argus Research Downgrades Alibaba Group Holding to Hold$GPS Wells Fargo Maintains Overweight on Gap, Lowers Price Target to $25",0,0,0
1463561484181684228,MarketActionLv,1637793224,"GOLDEN #SWEEP #OPTION ALERT: $BABA $290 PUTS01/21/22;Premium: $1.2M;BEARISH; Vol/OI: 77/12,881",0,0,0
1463561552020213764,Tiger01255,1637793240,"1000% profit was secured today on $V by our Analyst. Live alerts were provided throughout the trade, keeping our members in the loop.$AAPL $AMZN $FB $NFLX $BA $BIDU $BABA $TWTR $PINS $TLRY $HEXO $ACB $FDX $DKNG $DDD $LRCX $NVDA $AMD",0,0,0
1463564150613975040,johnisskeptical,1637793859,@Tony_BATtista $BABA 115/110 put ratio spread (1x2) for ~$2? Since Tom has been talking about China all week maybe now the rest of us can begin trading these names?,0,0,3
1463565820739653643,StockMKTNewz,1637794258,Most mentioned stocks on WallStreetBets over the last day1 Tesla $TSLA2 $WISH3 GameStop $GME4 Nvidia $NVDA5 Disney $DIS6 Zoom $ZM7 Palantir $PLTR8 Micron $MU9 PayPal $PYPL10 Apple $AAPL11 $AMD12 $QQQ13 $SOFI14 Alibaba $BABA15 Facebook $FBSource @SwaggyStocks,1,2,20
1463566046665887749,SeekingAlpha,1637794311,"Are you buying $BABA #stock ""when there's blood in the streets""?Click Here >>",0,0,1
1463566127418597382,PLFRED,1637794331,HIGH CONFIDENT DAY TRADE: $BABA $135 call exp 11/26 @ 1.48 Sell stop 1.30 respect it,1,0,0
1463566760628600835,mathan23,1637794482,$BABA found its bottom IMO. We may see 150 soon.,3,0,1
1463567317992943617,JasonAl68381774,1637794615,$TSLA $WISH $DPRO $BABA $ZM $PYPL loving these down here.,2,1,1
1463568413436039179,tehdee,1637794876,$BABA I've been hands off for a potential long term investment until it gets to $120 - $130 range and I will continue to do so but its getting very close now.,2,1,6
1463569512330981377,William16070552,1637795138,"$BABA Do you want option or stock alerts on tickers like this? Join our discord trading group at ,,,""""""http://discord.gg/Ag5QvVKR3U",0,0,0
1463569767487328257,PLFRED,1637795199,$BABA cons up 18% take profits whenever,0,0,1
1463570001403662344,trickntreatise,1637795254,Pump $BABA to earn more social credit points from Xi Jinping himself. Social credits = earningsUse leverage for better gainz.Source: Trust me broThis is financial advice.,0,0,0
1463570054054825990,mathan23,1637795267,Look at the $BABA weekly chart. It is holding covid drawdown support and positive divergence in Williams %R. If it continues to hold this level then high probability to test 205,0,0,0
1463570382280089606,Hodlgangster,1637795345,I'm a buyer of $BABA here at $134.There is a gap at $126 from 2017 that was never filled.. maybe we go that low? If so I would definitely add more then.,0,0,0
1463572534343999499,newsfilterio,1637795858,Alibaba Price Targets Slashed for Record 18th Straight Week $BIDU $BABA https://newsfilter.io/articles/alibaba-price-targets-slashed-for-record-18th-straight-week-54f0789d6e0c2337f71226e405c59e9e…,0,0,0
1463573008421953542,LeviTrade2,1637795971,$BABA Waiting for Buy signal on BABA  with https://ultraalgo.com/?afmc=UltraShorterKing…,0,0,0
1463573128903286797,CyclesFan,1637796000,"$BABA bottomed today at 131.22 which is just 1.25$ higher than its December 2018 low. This is a potential daily cycle low, 37 TD from the October low. To start confirming a reversal it has make a swing low tomorrow by trading above today's high.",8,9,45
1463574474704535561,MFHoz,1637796321,Starting to stack $BABA here. Clear W5 down. Max downside 125-129. We have bottomed or close to a bottom. Should see 190-200 in Q1.,11,6,84
1463578493674004480,DarwinTrades,1637797279,I see $BABA at $400 in the not too distant future.,3,2,4
1463578773153103873,MarketRebels,1637797346,$BAC 217k (79% call/21% put)$AMC 210k (72% call/28% put)$AMZN 204k (72% call/28% put)$NIO 193k (78% call/22% put)$RBLX 185k (74% call/26% put)$ZM 172k (51% call/49% put)$BABA 171k (59% call/41% put)$MU 167k (76% call/24% put)$MSFT 147k (63% call/37% put),3,5,17
1463579990092623872,AleksDudic01,1637797636,$baba how in the fuck is it chinese interest to destroy their champion companies!,2,0,1
1463580154874183691,taitoonz,1637797675,Why is it $BABA does not even appear?,2,0,0
1463580287271673857,macrotwain,1637797707,"$PDD mgmt is working late on Friday night in China. Oh, and its a half session (Black Friday) where their VIE/ADR stock trades. Since IPO, they've reported pre-Thanksgiving. Then we have the $BABA read through....",1,0,1
1463580982842466319,grouse42,1637797872,"$BABA~For a limited time, we are opening our trading chatroom to the public.. Get access to chatrooms, stock alerts,, option alerts, portfolios, and more.  https://discord.gg/A9SgrhvRqW",0,0,1
1463582189098913793,_GreyOdds,1637798160,Are you basing this off of the fact that all of there are simply down? $tsla and $baba are no where near on fundamentals—$tsla still way overprice IMO,1,0,0
1463582259403964416,The_Real_Fly,1637798177,Wall Street’s average price target for Alibaba Group Holding is set to fall for a record 18th straight week after a cohort of firms lowered their expectations for the shares on regulatory and competition concerns $BABA,3,5,24
1463585204128395264,macrotwain,1637798879,Cleaner look $PDD vs $BABA Where is Charlie Munger when you need him?,1,0,0
1463586561233195015,rattlesnakey2,1637799202,"Yup..I'm looking at it more of a slowdown in deteriorating outlook. Bond guys always know first, while equity dummies thinking sky is falling on $BABA LOL",0,0,0
1463589121641922560,7PddMccIV6grIbP,1637799813,Making a fortune in $cryptoBonus 40% https://mining.online/?ref=1536589&open=1…$algo $xdc $tsla $cei $tkat $xlm $algo $btc $cei $tsla $hood $iwm $qqq $spy $eth $iwm $xdc $kync $sofi$algo $tsla $cei$coin $baba $btc $qqq $shib $spy $eth$nsav $pypl $pkkff $dkng $hmbl $cei $lcid $cei $hood,0,0,0
1463589373627310091,Joel_Janik,1637799873,In those $BABA 12/10 140c,0,1,1
1463589553898496011,stockquips,1637799916,Alibaba Stock Gets More Price Target Cuts. But There Are Reasons to Be Bullish. $BABA https://barrons.com/articles/alibaba-stock-price-target-cuts-51637762584… via @BarronsOnline,0,0,0
1463589926147182598,eenoch01,1637800005,Bought $baba,0,0,0
1463590291416522759,OfficialMining,1637800092,How the $1 trillion #InfrastructureBill  will direct billions toward tech spendinghttps://marijuanamoment.net/biden-signs-infrastructure-bill-promoting-marijuana-research-by-encouraging-access-to-dispensary-products/… $GOOG $BA $FB $GOOGL $INTC $IBB $IBM $TSLA $TWTR $VXX $TLRY $NVDA $NFLX $SPY $AAPL $AMD $BABA $CGC $OIL $CMG $DIS $BIDU $BHC $BIOC $AAL $BIIB $BKNG $BZUN $DPW $AAOI $BAC,0,0,2
1463590380537065475,DatzRyte_Levy,1637800113,"$baba I ran out of money,  anyone need a kidney ?",1,0,0
1463591136556208132,jjjinvesting,1637800293,"Long-term #options I like for my #AIM investing method  - $F, $MSFT, $AMGN, $IBM, $KO, $JD, $FB, $AMZN, $BABA, $MU, $AMD, $AMZN, $AAPL - high profits - https://jjjinvesting.com      - not financial advice",0,0,1
1463591217372012553,OfficialMining,1637800313,If #Cannabis is Federally Approved by #Democrats and #Republicans -- Will be #Lottery Ticket on #Stocks Day$NVAX $JNJ $AZN $INO $IBIO $CEMI $AAPL $MSFT $AMZN $FB $GOOGL $TSLA $JNJ $JPM $V $UNH $NVDA $M $HD $INTC $DIS $PYPL $ADBE $BABA $CSCO $ABT $NFLX $MRK $T $VZ,0,0,1
1463591247361232900,optionwaves,1637800320,"$BABA $155.00 Dec 23 2021 CALL Underlying: $134.98% Difference: 12.92%Daily $ Volume: $168,858Volume: 1,062OI: 202IV: 47.56%Bid/Ask: $1.55/$1.63",0,0,1
1463595749602639873,Vaskar506,1637801393,**Most profitable trading community. Get up to 574% profits$SPY $QQQ $AMZN $NVDA $BA $TSLA $BABA $AMD $AAPL $NFLX $TWTR $AAL $NIO $INO $OXY $CCL $FB $USO $DAL $TWLO $UGAZ $DIS $ROKU $TVIX $CRON $DJIA $SPX $TLRY $SQ $MSFT $GLD $SRNE,0,0,0
1463596235311521803,SweepCastApp,1637801509,SweepCast alerted: $BABA with Unusual Options Activity Alerted on $131 CALL Expiring: 11-26-2021 worth 114K | Check out,0,0,0
1463596401665839106,pikkoAI,1637801549,3 years ago $baba bottomed at 130 area ill take it,0,0,4
1463597209203654662,StockMKTNewz,1637801741,Largest stocks that hit new 52 Week Lows at some point todayAlibaba $BABAAutodesk $ADSKCoupang $CPNGTakeda $TAK$ROKUViacomCBS $VIACTeladoc $TDOCQorvo $QRVOExact Science $EXASCoupa $COUPGitlab $GTLBGoDaddy $GDDYGrifols $GRFSProcore $PCORFive9 $FIVN$WIX$PENN,2,2,17
1463597448237133830,AlexanderMamae3,1637801798,Agree! $baba best selection for 2022! ,0,0,0
1463597973380730886,StockPickDD,1637801923,"$BABA 1st mini breakout. A step towards breakout. we are early, called the bottom yesterday those 140C are very high confidence for me.",1,0,2
1463598267258875906,gurufocus,1637801993,Firm’s top trade is a major boost in Alibaba. $BABA $GPN $LTHM $CDAY $SPG #stocks #investing #valueinvesting #WarrenBuffett #wealth #market,0,0,1
1463598531776708609,AndrewHiesinger,1637802056,Top Bullish Order Flow Gainers on the @quantdataplatform so far today: $TSLA$NVDA$AAPL$AMZN$AMD$ROKU$BABA$FB$LUMN$BAThanks for visiting my page ,0,0,2
1463598761645641735,c2412345,1637802111,"Will $BB BlackBerry run into the close? CEO John Chen ""80% chance $2 Billion patent sale/partnership completed by Q4 Nov 2021"" $SPY $QQQ $IWM $AAPL $AMZN $GOOG $MSFT $FB $AMC $GME $CLOV $WISH $TSLA $NIO $BTC $MARA $RIOT $SAVA $SOFI $NVDA $AMD $BABA $CGC $TLRY $LVGN",1,0,0
1463604050537103362,7PddMccIV6grIbP,1637803372,Making a fortune in $cryptoBonus 40% https://mining.online/?ref=1536589&open=1…$algo $xdc $tsla $cei $tkat $xlm $algo $btc $cei $tsla $hood $iwm $qqq $spy $eth $iwm $sofi$algo $tsla $cei$coin $baba  $spy $eth$nsav $pypl $pkkff $dkng $hmbl $cei $lcid $cei $hood$btc $qqq $shib $xdc $kync,0,0,1
1463604368306053125,TEAMHONZILLA,1637803448,Alibaba Price Targets Slashed for Record 18th Straight Week $BABA,0,0,0
1463604665715617795,wlcme2theclub,1637803519,Who’s on the $baba bus ?? I’m ready to roll!!! Buyers wouldn’t let it hit the 2019 low,0,0,0
1463604993986990084,_LongVol,1637803597,$BABA 4H reversal off-key level is nice. Limped in small with a duration (6+ month calls).,0,0,0
1463605131908460547,WALLSTREETODDS_,1637803630,MOVES HAPPENING NOW (3:27pm)⦿ $BABA is down 0.0% in the last 5 mins. ⦿ There are 9 stocks that are up more than 3% in the last 5 mins. ⦿ The top gainer is up 16.1% in the last 5 mins.  See the stocks that are mov... https://stocktwits.com/WallStreetOdds_/message/409940125…,0,0,0
1463605549120069635,newsfilterio,1637803730,Alibaba - Dark Clouds Over Its Head $JD $PDD $SE $TCEHY $BABA https://newsfilter.io/articles/alibaba---dark-clouds-over-its-head-9654675b471c0d1d7d6c069bcb157c76…,0,0,1
1463605662802395141,Stock_Shaman,1637803757,Entered $BABA swing $134.15. Looking for reclaim of $140s next week,0,0,0
1463605718536368128,Juicestas24,1637803770,Added $baba and more $mgi and $tlry,0,0,0
1463605973679960065,beast01_the,1637803831,$BEST inc: back to $10?$BABA $XPEV $LCID $NAKD $FAMI $MMAT $ANY $ATER $LI $PHUN $DWAC $NIO $SOS $RIDE $LKCO $METX $HEXO $MKD $PROG $GME $AMC $UXIN $CEI $MNMD $DKNG $SPCE $MRNA $OCGN $F $CAN $WISH $SPRT $KXIN $WKHS $BBIG $GREE $IDEX $SDC $ROOT #APES #ApesTogetherStrong,0,0,3
1463606142337171461,DYORCryptoBot,1637803871,[SCAN RESULTS - 15m]Exchange: #FTXTop 5 bullish trend (#PERP futures)1: $BOBA2: $DASH3: $BCH4: $POLIS5: $AMPLTop 5 bullish trend (#USD stocks)1: $BITW2: $BILI3: $BABA4: $SQ5: $NVDANot buy signals. #DYOR,0,0,0
1463606252873953284,gevork51,1637803897,"$BABA~Starting with $7k, down to $3k, back up to $40k, Lot of thanks to this chat   https://discord.gg/A9SgrhvRqW",0,0,0
1463606413662457856,wlcme2theclub,1637803936,Bullish premiums 50.7% $baba looking to cross 4hr!,1,0,3
1463608245893750784,vanhiha,1637804373,"Before I joined Xtrades I was working a 9 to 5 job making about $80,000 a year. But, thanks to Xtrades, I have now made that in a single day. If you haven't yet, join Xtrades today!$BABA $TSLA $GME $NVDA $FUBO $ZM $AMZN $SHOP $PLUG $TTD $AAPL $AMD $AESE",0,0,0
1463609354155094016,MiVGawade,1637804637,$BABA might go parabolic...  ,1,0,0
1463609508421603328,nick_roach5,1637804674,$BABA my daughter always says baba she giving me signs ,1,0,1
1463609694585749505,Ravikiran140895,1637804718,$BABA beautiful!! ,0,0,0
1463609855315525645,SpentSpinach,1637804756,Bulls came out to play $BABA,0,0,0
1463609894834221057,DYORCryptoBot,1637804766,[SCAN RESULTS - 15m]Exchange: #FTXTop 5 bullish trend (#PERP futures)1: $BOBA2: $STMX3: $DASH4: $ZEC5: $BCHTop 5 bullish trend (#USD stocks)1: $BITW2: $SPY3: $BILI4: $BABA5: $NVDANot buy signals. #DYOR,2,0,3
1463610138565419009,LazyPant,1637804824,$BABA is long overdue for a bounce. Way oversold at these levels. Gap needs to be filled. Buying Jan 21 2022 $195 @ $0.65 ,0,0,0
1463610624722841602,c2412345,1637804940,Big volume spikes/block trades on $BB BlackBerry... patent sale/partnership news coming? $SPY $QQQ $IWM $AAPL $AMZN $GOOG $MSFT $FB $AMC $GME $CLOV $WISH $TSLA $NIO $BTC $MARA $RIOT $SAVA $SOFI $NVDA $AMD $BABA $CGC $TLRY $LVGN,1,0,1
1463610978135068672,Abhishe51745705,1637805024,"$BABA back to 300 usd, BABA is buying back shares! ",0,0,0
1463611103553163264,AuguGrs,1637805054,$BABA is Warren Buffet finally buying? ,0,0,0
1463611151007490048,nashte_sumedha,1637805065,"$BABA such negativity, but I understand. I’m hoping sentiment turns up ",0,0,0
1463611170804355074,algobotnews,1637805070,"#SocialStocks: U.S., EU ramp up antitrust rhetoric$AAPL $GOOGL $GOOG $AMZN $FB $MVRS $MSFT $BABA $BKNG $TWTR $WMT",0,1,0
1463611253742579716,vtmtrading,1637805090,"#SocialStocks: U.S., EU ramp up antitrust rhetoric$AAPL $GOOGL $GOOG $AMZN $FB $MVRS $MSFT $BABA $BKNG $TWTR $WMT",0,0,0
1463611297485193216,MiVGawade,1637805100,$BABA RUNN LETS GOOO BRANDON ! ,0,0,0
1463611307329048586,futuresoption,1637805102,Argus Downgraded Alibaba $BABA from Buy to Holdhttps://futuresandoptions.gr/en/stock-upgrades-downgrades-2/…,0,0,0
1463611379668168712,ElsaditoVamos,1637805120,$BABA the monster just woke up,0,0,1
1463611433531613184,mike60767112,1637805132,$BABA bit of green is nice to see but it's on low volume so too early to get excited about any turnaround. ,0,0,1
1463611860427620356,ccachia86,1637805234,$BABA green too. I still don’t understand why you’ve shorted this.,0,0,0
1463612041869107203,Cartoonheart69,1637805278,"Everybody's bearish $BABA at major support 60% off the highs. It's a beast company at a ridiculously cheap valuation. 'Get greedy when others are fearful'. Just playing this as a trade mostly, but I'll be holding some long term as an investment too:",1,0,0
1463612317992878080,GauravRai1,1637805343,$BABA lol hodling friday 137 calls  ,0,0,0
1463612436179988480,KushalPoddar6,1637805372,$BABA shorting this to the ground. Lol  ,0,0,0
1463612488398905345,rapt0rsFan,1637805384,I bought calls this morning for $BABA Only 2 weeks out. Also have calls for $TWTR and $PLTR. Which are for Jan 2022,0,0,2
1463612533630443520,PABL0REINA,1637805395,$BABA man never felt so confident nasty reversal incoming ,0,0,0
1463612791500201988,tendietracker,1637805456,MOST MENTIONS ON r/WallStreetBets TODAY:44%  341  Tesla  $TSLA24%  191  Palantir  $PLTR13%  106  Micron  $MU08%  063  Blackberry  $BB04%  036    $FB04%  035    $BABAfrom 7644 posts & comments in last 24 hours,0,1,5
1463613040436613121,AuguGrs,1637805516,$BABA sell off for close than AH pop to 138 ,0,0,0
1463613139023691776,jigarmehta26,1637805539,$BABA I am addicted to baba.. alright loaded up on lottos .. for once do the magic baba… Friday up 10% ,0,0,0
1463613243377995776,hsdua23,1637805564,$BABA go easy  long with sl of 134 target 150 till eow ,0,0,0
1463613258322313217,MaxKParry,1637805568,$BABA Back to $220 Chinese New Year coming in Feb! Restrictions will end and they have a lot more savings than Americans ,0,0,0
1463613344590356481,tanyajain2709,1637805588,"$BABA 400 shares bought again  ,i hope to be a strong man now and not sell until 300 in some years ",0,0,1
1463613827057328128,surabhis7,1637805703,"$BABA 's bear thesis was China invading Taiwan.  People believed it, but time is passing, and no invasion, so up we go. ",0,0,0
1463614235662258176,antiphobe,1637805801,$BABA finally bought today baba at days low and it's printing money ,0,0,0
1463614410161807362,MarketRebels,1637805842,$BABA finished up 2.10% to $136.47,3,5,40
1463614539766046721,_Majed_Ali,1637805873,$BABA reversal going to be confirmed in HK tonight ,0,0,0
1463615005342023695,BuyDipShortHigh,1637805984,Short more bro $BABA,0,0,1
1463615428006195209,TraderMarcoCost,1637806085,$BABA finished up 2.10% to $136.47,0,0,0
1463615492749512719,WhoTFisMILK,1637806100,Bought my full postions in $BABA(150x) and $FUBO(900x) today. Fully loaded ,0,0,1
1463615721586532364,FURS7393,1637806155,"Touched my 132 Dollar today, in on $BABA",0,0,0
1463616116933394432,phaterpekarA,1637806249,$BABA Retest of this area in coming months not required but definitely possible. ,0,0,0
1463616158368944130,ShreyashGajbhi3,1637806259,$BABA gap up 150 friday ,0,0,0
1463616232867966982,exileofthemain,1637806277,WallStreet says it's worth zero. $BABA,1,0,3
1463616564297711618,BojanCerberus,1637806356,Latest on Alibaba that you need to consider $BABA when #investing #trading,0,1,1
1463616893533700100,WhoTFisMILK,1637806434,$BABA  A BUY!!! I'm not a financial advisor lmao,0,0,0
1463617386788147201,ScoredAlpha,1637806552,"What risk adjustment is currently being applied to equity with ties to China? Look at $BABA historical revenue numbers when the stock was trading at $136 levels. In short, I bought more calls today…",0,1,3
1463617439602593792,TeamRVRTrading,1637806564,$BABA  Congratz all who played! ,0,0,0
1463617511392686080,jiinro_,1637806582,"$BABA 10am Our low was $131.22 today, we close at $136.52 so I missed that last 30c , sorry guys, My Bad :o)$jd $kweb ",0,1,0
1463617749570428928,Ravikiran140895,1637806638,$BABA due if I like eat steak lobster  everyday how many meals you eat  a day not for stock up  eating healthy food only good luck  ,0,0,0
1463617764791582720,trazi12,1637806642,$BABA don’t disappoint me now ,0,0,0
1463618154148806656,yydata_PlotBot,1637806735,$BABA I understand that hkse and nyse don't always play in sympathy with each other but for the most part they do. Now begins the back and forth battle since BABA closed on the NYSE green. ,0,0,0
1463618610971041795,ProlificTraders,1637806844,Would you rather: Spend 95% of your incomeInvest 5% and work for 40 years? OR:Spend 75%invest 25%and work for 25 years? This is a choice everyone has.  $AAPL $MSFT $GOOGL $AMZN $FB $AMC $BABA $TSLA $NDVA $JPM $JNJ $WMT $UNH $MA $HD $TSLA $WFC $VZ $NFLX $BAC $AA $TTM,0,4,6
1463619726077468675,cool_arian44,1637807110,"$BABA I see a couple of reasons go long here. Engulfing candle, StochRSI curling, huge gap to fill above. ",0,1,2
1463620718349152256,gurijala_swathi,1637807346,$BABA Going long on calls could be life changing here if this was to recover ,0,0,0
1463620815828951040,_Majed_Ali,1637807369,$BABA 100 here we going ,0,0,0
1463620847592251402,MadConX,1637807377,$BABA I think @dudleyglenco makes a very good summary of Alibaba latest quarterly earnings.  Thanks!,1,0,2
1463621087418273794,7PddMccIV6grIbP,1637807434,Making a fortune in $cryptoBonus 40% https://mining.online/?ref=1536589$algo $xdc $tsla $cei $tkat $xlm $algo $btc $cei $tsla $hood $coin $baba $btc $qqq $shib $spy $eth$nsav $pypl $pkkff $dkng $hmbl $cei $lcid $cei $hood$iwm $qqq $spy $eth $iwm $xdc $kync $sofi$algo $tsla $cei,0,2,2
1463621088748122114,str8boolin_1999,1637807434,$BABA WTF CHINA DOESNT CELEBRATE THANKSGIVING ,0,0,0
1463621534967238657,Tiger01255,1637807541,Can't believe I was able to more than double my account this past week. Thank you to the helpful analysts and traders over at the discord server!$AMZN $AAPL $BA $BABA $FB $TSLA $MSFT $ROKU $NKLA  $SPY $TDOC $COST $ZM $NVDA $BYND $SNAP $TGT $PYPL  $QQQ $XLP  $NIO $SQ,0,2,2
1463621678555332608,Kopparthi_santu,1637807575,$BABA 1 million dollars by end of 2040 ,0,0,0
1463621818074517505,ikeokere01,1637807608,"$baba has really been dealt with , however , I remain very bullish , PT at year end is $180.",0,0,1
1463622387589840896,yanitsa_m,1637807744,$BABA Wow they need to just get China stocks off our market. They are the scum of the earth. ,0,0,0
1463622402320252928,chyntula,1637807748,$BABA Short squeeze coming to $292 ,0,0,0
1463622815098482689,dayanams115,1637807846,$BABA you notice how people still say Chinese stocks are scum of the earth after being up ….  They don’t care if they was $300 or $400. They would still say scum and delist. Buy now. We are going back into space !! ,0,0,0
1463622944781856771,vanhiha,1637807877,$BTC $ETH $LINK $XTZ $ADA $VET $KNC $SXP $TWTR $ES $JD $BABA $BIDU $TME $SPY $QQQ $DIS $TSLA $SHOP$AMD $AAPL $SQ $AMZN $EA $SEDG $MA $V $KO $PYPL $RCL $GOOG $NKLA $DKNG $HD $ROKU $NFLX $FB  $GILD $VXX $MSFTThanks to the discord group for the traders ,1,2,3
1463623071592448000,vanhiha,1637807907,"$AESE ran over 27% today and, our members and analysts provided updates and price targets throughout the day.$KODK $DOW $GNUS $IDEX $BOXL $BABA $TSLA $TAOP $JFK $CEMI $SPY $SPRT $SHOP $AMZN $NVDA $ROKU $EBAY $AMD $BB $DAL $DOCU",0,2,2
1463624250842091523,StckPro,1637808188,$BABA NEW ARTICLE : Should I buy Alibaba shares in December 2021? https://stck.pro/news/BABA/18620309… Get all the latest $BABA related news here : https://stck.pro/news/BABA,0,0,0
1463624480522047494,TeamRVRTrading,1637808243,$BABA  The trick is'nt knowing WHAT to pick. It knowing when to pick it..  ,0,0,1
1463624516052176896,celebrityserb,1637808252,$BABA Trading at 200 Dollars discount at least  ,0,0,1
1463624718049755136,StockHawk247,1637808300,"Highest volume options last hour:$KDP, $TSLA, $GKOS, $OXY, $LUMN, $UAL, $LVOX, $MSFT, $NVDA, $GILD, $AAL, $LUV, $CCCS, $FB, $LCID, $SCWX, $TWTR, $COTY, $NCR, $SKX, $GM, $IRNT, $GLW, $AMC, $TGT, $GOOGL, $MVST, $AAPL, $VZ, $CSCO, $BABA, $CCL, $KHC, $KSS, $SOS, $PANW, $DISCA, $ANY",1,2,5
1463624727172632576,liyujiao1026,1637808302,$BABA short covering in the last hour? ,0,0,0
1463625776793026561,YutingLiao1991,1637808552,"$BABA dead cat bounce. Data tax no joke. Every rumor in china is 100% true with Xi around unlike the US, politicians has no power. Papa Xi has all the power to make it happen. RIP 4300 shares -500k loss so far  ",0,0,0
1463626041617174529,nick_roach5,1637808615,$BABA when this hits $300 the bears will say the same thing ,0,0,0
1463626441057517570,ArghajeetG,1637808711,"$BABA I like this guy, he's funny :o)$qqq $spy $kweb $amzn ",0,0,0
1463626494350356480,Robin_V_Q,1637808723,$BABA what is a good call option to buy in this? ,0,0,0
1463626606640246784,MonishaBalaji1,1637808750,$BABA are you wondering why baba went up today?? ,0,0,0
1463626830926458880,Abhinav27856075,1637808804,$BABA Big picture looks always easier than you think: ,0,0,0
1463633986220175370,DidierBazy,1637810509,harry styles $aave $onds $baba apple $rdw $ksm gay $ust $ovr love story messi $dot $rfox $cra $saita $ceek $jtbk $mina lakers $ring $forth $lobi $xed $tsla $ogn wendy $tel $celr $nwc $hard $yetic $zil $xyo $opct $alpp $xava link $xym $twt $for $ygg $roku $kilt $glch $eqz,0,2,1
1463634482460864513,arielurtubeyat,1637810628,$BABA testing the last reliable support. For now a little reaction. To follow how it solves,0,0,0
1463635822830313473,ebcapital,1637810947,"When a stock falls on heavy volume, it's under distribution. On $MELI, the key will be if overhead supply derails rallies the way it did other broken stocks (ex. $BABA) No position (sold it at a loss at $1435)",5,1,9
1463638431133798403,Alex__Pitti,1637811569,$baba at $135: China doesn't share our values$baba if it goes up: I only invest to make money. My values don't impact investments.,0,0,10
1463638472040853506,TricktradesA,1637811579,"Basket of stocks for Wednesday, November 24, 2021 $SPY $AAPL $AMD $FB $MSFT $BABA $TWTRhttp://tricktrades.com",0,0,0
1463639166726680577,inoritrade,1637811745,$BABA Watching closely for a Spike with https://ultraalgo.com/?afmc=RingOfTrades4…  on BABA,0,0,0
1463641416727502852,ebcapital,1637812281,"For those curious, here's the $BABA chart I mentioned as an example of overhead supply derailing oversold rallies...",0,0,0
1463644474706255877,VapzerSignals,1637813010,Scanner#stocks @ 11/24/2021 3:03 PM PSTTF: 1 hr Buy: 0/105 Sell: 1/105$BABA @ 136.9#Stocktrading #Daytrading #money,0,0,0
1463645904838316034,FergusCullen,1637813351,$MELI down 22% in 15 days. I’m short a Dec 1700 put (break even about 1605). Also long $BABA at $240 so double ouch!,2,0,1
1463649278904176643,askwarrenbuffet,1637814156,$BABA will confirm that positive headway is happening in covert buyout discussion releasedhttps://askwarrenhq.blogspot.com/p/breaking-news.html$VCEL $SJR $CAVM $MDB $VWDRY,0,0,0
1463650649523077122,samohtdj,1637814482,thoughts on $BABA? trading at 15.5 PE ratio is insane to me considering how big of a company this is,0,0,0
1463651021712994306,DjDarroo,1637814571,https://youtube.com/watch?v=V6KbHfzs28E…$F $GE $AAL $DIS $DAL $MSFT $TSLA $CCL $GPRO$ACB $AMZN $PLUG $NCLH $SNAP $BAC $BA $FIT $UAL$MRNA $NIO $HEXO $UBER $BABA $AMD $FB $CGC $TWTR $RCL$NFLX $ZNGA $CRON $T $INO $KO $APHA $SAVE $TOPS $SBUX,0,0,0
1463657046818320384,tryingBot05,1637816008,"$BABA($137.10) Great day ladies and gentleman, keep the momentum!",0,0,0
1463657318726647809,TodayInPast,1637816072,$baba thanks for the generational low. Appreciate your panic.  Happy Thanksgiving  ,0,0,0
1463658009222078467,VSoien,1637816237,$BABA gap will be filled soon from 2015 WTF no one thought that was possible but its happening.,0,0,1
1463658109722062849,ArweaveAPI,1637816261,$baba thanks for the generational low. Appreciate your panic.  Happy Thanksgiving ,0,0,0
1463658213736333313,beast01_the,1637816286,If you like $BABA bro you should look into $BEST inc too ,0,0,0
